"Group;student_id;Task 1: Task. Computer architecture and OS;Task 2: Task. Programming technologies;Task 3: Task. Networks technologies;Task 4: Task. Digital ethics;""Task 5: Task. Virtual; augmented and mixed reality technologies"";Task 6: Task. Information security;Task 7: Task. Internet and Web technologies;Task 8: Task. Digital economy. Blockchain;Task 9: Task. Introduction to personal information security;Task 10: Task. Built in systems;Task 11: Task. Quant technologies;Task 12: Task. Smartthings vs. secure living;Task 13: Task. Internet communications culture;Task 14: Task. Digital education;Task 15: Task. Digital humanities;Essay"
"M3135;125699;0;0;0;0;0;0;0;0;0;0;0;0;0;0;0;0"
"R3130;171720;0;0;0;0;0;0;0;0;0;0;0;0;0;0;0;0"
"P3102;297557;0;0;0;0;0;0;0;0;0;0;0;0;0;0;0;0"
"M3139;359404;0;0;0;0;0;0;0;0;0;0;0;0;0;0;0;0"
"L3130;386308;0;0;0;0;0;0;0;0;0;0;0;0;0;0;0;0"
"P3102;429793;0;0;0;0;0;0;0;0;0;0;0;0;0;0;0;0"
"M3138;821125;0;0;0;0;0;0;0;0;0;0;0;0;0;0;0;0"
"M3134;971353;0;0;0;0;0;0;0;0;0;0;0;0;0;0;0;0"
"U3176;972175;0;0;0;0;0;0;0;0;0;0;0;0;0;0;0;0"
"M3108;981709;0;0;0;0;0;0;0;0;0;0;0;0;0;0;0;0"
"M3133;983194;0;0;0;0;0;0;0;0;0;0;0;0;0;0;0;0"
"M3133;984022;0;0;0;0;0;0;0;0;0;0;0;0;0;0;0;0"
"N3151;984532;0;0;0;0;0;0;0;0;0;0;0;0;0;0;0;0"
"M3137;987025;0;0;0;0;0;0;0;0;0;0;0;0;0;0;0;0"
"M3135;993526;0;0;0;0;0;0;0;0;0;0;0;0;0;0;0;0"
"P3100;1003819;0;0;0;0;0;0;0;0;0;0;0;0;0;0;0;0"
"M3136;1020292;0;0;0;0;0;0;0;0;0;0;0;0;0;0;0;0"
"M3136;1020310;0;0;0;0;0;0;0;0;0;0;0;0;0;0;0;0"
"N3148;1020325;0;0;0;0;0;0;0;0;0;0;0;0;0;0;0;0"
"R3177;1022656;0;0;0;0;0;0;0;0;0;0;0;0;0;0;0;0"
"P3123;1022875;0;0;0;0;0;0;0;0;0;0;0;0;0;0;0;0"
"U3177;1074157;0;0;0;0;0;0;0;0;0;0;0;0;0;0;0;0"
"M3137;1078699;0;0;0;0;0;0;0;0;0;0;0;0;0;0;0;0"
"M3108;1078921;0;0;0;0;0;0;0;0;0;0;0;0;0;0;0;0"
"M3109;1079392;0;0;0;0;0;0;0;0;0;0;0;0;0;0;0;0"
"M3136;1080301;0;0;0;0;0;0;0;0;0;0;0;0;0;0;0;0"
"M3109;1082824;0;0;0;0;0;0;0;0;0;0;0;0;0;0;0;0"
"M3136;1110241;0;0;0;0;0;0;0;0;0;0;0;0;0;0;0;0"
"N3147;1110265;0;0;0;0;0;0;0;0;0;0;0;0;0;0;0;0"
"M3135;1110445;0;0;0;0;0;0;0;0;0;0;0;0;0;0;0;0"
"P3113;1121068;0;0;0;0;0;0;0;0;0;0;0;0;0;0;0;0"
"M3136;1122544;0;0;0;0;0;0;0;0;0;0;0;0;0;0;0;0"
"T3111;1124452;0;0;0;0;0;0;0;0;0;0;0;0;0;0;0;0"
"M3109;1126144;0;0;0;0;0;0;0;0;0;0;0;0;0;0;0;0"
"B3100;1126462;0;0;0;0;0;0;0;0;0;0;0;0;0;0;0;0"
"P3112;1126798;0;0;0;0;0;0;0;0;0;0;0;0;0;0;0;0"
"K3141;1129147;0;0;0;0;0;0;0;0;0;0;0;0;0;0;0;0"
"M3135;1130257;0;0;0;0;0;0;0;0;0;0;0;0;0;0;0;0"
"M3139;1135489;0;0;0;0;0;0;0;0;0;0;0;0;0;0;0;0"
"P3169;1138660;0;0;0;0;0;0;0;0;0;0;0;0;0;0;0;0"
"U3176;1148596;0;0;0;0;0;0;0;0;0;0;0;0;0;0;0;0"
"M3134;1165825;0;0;0;0;0;0;0;0;0;0;0;0;0;0;0;0"
"M3137;1170610;0;0;0;0;0;0;0;0;0;0;0;0;0;0;0;0"
"M3134;1178140;0;0;0;0;0;0;0;0;0;0;0;0;0;0;0;0"
"D3110;1181200;0;0;0;0;0;0;0;0;0;0;0;0;0;0;0;0"
"P3112;1188199;0;0;0;0;0;0;0;0;0;0;0;0;0;0;0;0"
"M3139;1207399;0;0;0;0;0;0;0;0;0;0;0;0;0;0;0;0"
"M3137;1211404;0;0;0;0;0;0;0;0;0;0;0;0;0;0;0;0"
"D3110;1220506;0;0;0;0;0;0;0;0;0;0;0;0;0;0;0;0"
"M3137;1236181;0;0;0;0;0;0;0;0;0;0;0;0;0;0;0;0"
"M3137;1238679;0;0;0;0;0;0;0;0;0;0;0;0;0;0;0;0"
"M3136;1239243;0;0;0;0;0;0;0;0;0;0;0;0;0;0;0;0"
"D3110;1240799;0;0;0;0;0;0;0;0;0;0;0;0;0;0;0;0"
"D3110;1240825;0;0;0;0;0;0;0;0;0;0;0;0;0;0;0;0"
"D3110;1241015;0;0;0;0;0;0;0;0;0;0;0;0;0;0;0;0"
"D3110;1241065;0;0;0;0;0;0;0;0;0;0;0;0;0;0;0;0"
"M3139;1242657;0;0;0;0;0;0;0;0;0;0;0;0;0;0;0;0"
"M3137;1244181;0;0;0;0;0;0;0;0;0;0;0;0;0;0;0;0"
"M3137;1244653;0;0;0;0;0;0;0;0;0;0;0;0;0;0;0;0"
"P3123;1246567;0;0;0;0;0;0;0;0;0;0;0;0;0;0;0;0"
"N3149;1254393;0;0;0;0;0;0;0;0;0;0;0;0;0;0;0;0"
"P3172;1279297;0;0;0;0;0;0;0;0;0;0;0;0;0;0;0;0"
"M3135;1284365;0;0;0;0;0;0;0;0;0;0;0;0;0;0;0;0"
"M3139;1284493;0;0;0;0;0;0;0;0;0;0;0;0;0;0;0;0"
"M3134;1291213;0;0;0;0;0;0;0;0;0;0;0;0;0;0;0;0"
"M3138;1291417;0;0;0;0;0;0;0;0;0;0;0;0;0;0;0;0"
"M3136;1293814;0;0;0;0;0;0;0;0;0;0;0;0;0;0;0;0"
"M3136;1295791;0;0;0;0;0;0;0;0;0;0;0;0;0;0;0;0"
"M3139;1296692;0;0;0;0;0;0;0;0;0;0;0;0;0;0;0;0"
"M3136;1296762;0;0;0;0;0;0;0;0;0;0;0;0;0;0;0;0"
"M3134;1297012;0;0;0;0;0;0;0;0;0;0;0;0;0;0;0;0"
"K3121;1297338;0;0;0;0;0;0;0;0;0;0;0;0;0;0;0;0"
"R3135;1297482;0;0;0;0;0;0;0;0;0;0;0;0;0;0;0;0"
"L3116;1297938;0;0;0;0;0;0;0;0;0;0;0;0;0;0;0;0"
"M3138;1298645;0;0;0;0;0;0;0;0;0;0;0;0;0;0;0;0"
"K3121;1299360;0;0;0;0;0;0;0;0;0;0;0;0;0;0;0;0"
"P3114;1300204;0;0;0;0;0;0;0;0;0;0;0;0;0;0;0;0"
"P3112;1300206;0;0;0;0;0;0;0;0;0;0;0;0;0;0;0;0"
"M3137;1300207;0;0;0;0;0;0;0;0;0;0;0;0;0;0;0;0"
"M3138;1300208;0;0;0;0;0;0;0;0;0;0;0;0;0;0;0;0"
"M3139;1300209;0;0;0;0;0;0;0;0;0;0;0;0;0;0;0;0"
"M3136;1300210;0;0;0;0;0;0;0;0;0;0;0;0;0;0;0;0"
"M3138;1300211;0;0;0;0;0;0;0;0;0;0;0;0;0;0;0;0"
"M3139;1300212;0;0;0;0;0;0;0;0;0;0;0;0;0;0;0;0"
"M3139;1300213;0;0;0;0;0;0;0;0;0;0;0;0;0;0;0;0"
"M3136;1300214;0;0;0;0;0;0;0;0;0;0;0;0;0;0;0;0"
"L3130;1300215;0;0;0;0;0;0;0;0;0;0;0;0;0;0;0;0"
"M3138;1300216;0;0;0;0;0;0;0;0;0;0;0;0;0;0;0;0"
"M3137;1300217;0;0;0;0;0;0;0;0;0;0;0;0;0;0;0;0"
"M3135;1300218;0;0;0;0;0;0;0;0;0;0;0;0;0;0;0;0"
"K3141;1300219;0;0;0;0;0;0;0;0;0;0;0;0;0;0;0;0"
"D3110;1300220;0;0;0;0;0;0;0;0;0;0;0;0;0;0;0;0"
"M3137;1300221;0;0;0;0;0;0;0;0;0;0;0;0;0;0;0;0"
"M3137;1300222;0;0;0;0;0;0;0;0;0;0;0;0;0;0;0;0"
"M3139;1300223;0;0;0;0;0;0;0;0;0;0;0;0;0;0;0;0"
"M3135;1300224;0;0;0;0;0;0;0;0;0;0;0;0;0;0;0;0"
"P3169;1300225;0;0;0;0;0;0;0;0;0;0;0;0;0;0;0;0"
"M3138;1300226;0;0;0;0;0;0;0;0;0;0;0;0;0;0;0;0"
"V3104;1300227;0;0;0;0;0;0;0;0;0;0;0;0;0;0;0;0"
"M3137;1300228;0;0;0;0;0;0;0;0;0;0;0;0;0;0;0;0"
"R3140;1300229;0;0;0;0;0;0;0;0;0;0;0;0;0;0;0;0"
"M3138;1300230;0;0;0;0;0;0;0;0;0;0;0;0;0;0;0;0"
"P3111;1300231;0;0;0;0;0;0;0;0;0;0;0;0;0;0;0;0"
"M3138;1300233;0;0;0;0;0;0;0;0;0;0;0;0;0;0;0;0"
"M3138;1300234;0;0;0;0;0;0;0;0;0;0;0;0;0;0;0;0"
"M3138;1300235;0;0;0;0;0;0;0;0;0;0;0;0;0;0;0;0"
"M3139;1300236;0;0;0;0;0;0;0;0;0;0;0;0;0;0;0;0"
"M3136;1300237;0;0;0;0;0;0;0;0;0;0;0;0;0;0;0;0"
"M3137;1300238;0;0;0;0;0;0;0;0;0;0;0;0;0;0;0;0"
"M3137;1300239;0;0;0;0;0;0;0;0;0;0;0;0;0;0;0;0"
"M3139;1300240;0;0;0;0;0;0;0;0;0;0;0;0;0;0;0;0"
"U3177;1300241;0;0;0;0;0;0;0;0;0;0;0;0;0;0;0;0"
"M3138;1300242;0;0;0;0;0;0;0;0;0;0;0;0;0;0;0;0"
"M3135;1300243;0;0;0;0;0;0;0;0;0;0;0;0;0;0;0;0"
"P3169;1300244;0;0;0;0;0;0;0;0;0;0;0;0;0;0;0;0"
"M3139;1300245;0;0;0;0;0;0;0;0;0;0;0;0;0;0;0;0"
"M3139;1300246;0;0;0;0;0;0;0;0;0;0;0;0;0;0;0;0"
"R3135;1300247;0;0;0;0;0;0;0;0;0;0;0;0;0;0;0;0"
"M3138;1300249;0;0;0;0;0;0;0;0;0;0;0;0;0;0;0;0"
"M3139;1300250;0;0;0;0;0;0;0;0;0;0;0;0;0;0;0;0"
"M3139;1300251;0;0;0;0;0;0;0;0;0;0;0;0;0;0;0;0"
"M3138;1300252;0;0;0;0;0;0;0;0;0;0;0;0;0;0;0;0"
"M3138;1300253;0;0;0;0;0;0;0;0;0;0;0;0;0;0;0;0"
"P3102;1300254;0;0;0;0;0;0;0;0;0;0;0;0;0;0;0;0"
"M3134;1300256;0;0;0;0;0;0;0;0;0;0;0;0;0;0;0;0"
"M3137;1300257;0;0;0;0;0;0;0;0;0;0;0;0;0;0;0;0"
"M3139;1300258;0;0;0;0;0;0;0;0;0;0;0;0;0;0;0;0"
"M3137;1300259;0;0;0;0;0;0;0;0;0;0;0;0;0;0;0;0"
"M3136;1300260;0;0;0;0;0;0;0;0;0;0;0;0;0;0;0;0"
"D3110;1300261;0;0;0;0;0;0;0;0;0;0;0;0;0;0;0;0"
"R3135;1300262;0;0;0;0;0;0;0;0;0;0;0;0;0;0;0;0"
"M3138;1300263;0;0;0;0;0;0;0;0;0;0;0;0;0;0;0;0"
"M3138;1300264;0;0;0;0;0;0;0;0;0;0;0;0;0;0;0;0"
"N3148;1300265;0;0;0;0;0;0;0;0;0;0;0;0;0;0;0;0"
"M3135;1300266;0;0;0;0;0;0;0;0;0;0;0;0;0;0;0;0"
"P3173;1300267;0;0;0;0;0;0;0;0;0;0;0;0;0;0;0;0"
"M3138;1300268;0;0;0;0;0;0;0;0;0;0;0;0;0;0;0;0"
"K3120;1300269;0;0;0;0;0;0;0;0;0;0;0;0;0;0;0;0"
"M3137;1300270;0;0;0;0;0;0;0;0;0;0;0;0;0;0;0;0"
"M3135;1300271;0;0;0;0;0;0;0;0;0;0;0;0;0;0;0;0"
"M3136;1300272;0;0;0;0;0;0;0;0;0;0;0;0;0;0;0;0"
"M3136;1300273;0;0;0;0;0;0;0;0;0;0;0;0;0;0;0;0"
"M3138;1300274;0;0;0;0;0;0;0;0;0;0;0;0;0;0;0;0"
"M3139;1300275;0;0;0;0;0;0;0;0;0;0;0;0;0;0;0;0"
"M3138;1300276;0;0;0;0;0;0;0;0;0;0;0;0;0;0;0;0"
"K3143;1300277;0;0;0;0;0;0;0;0;0;0;0;0;0;0;0;0"
"M3137;1300278;0;0;0;0;0;0;0;0;0;0;0;0;0;0;0;0"
"M3139;1300279;0;0;0;0;0;0;0;0;0;0;0;0;0;0;0;0"
"M3136;1300280;0;0;0;0;0;0;0;0;0;0;0;0;0;0;0;0"
"M3136;1300281;0;0;0;0;0;0;0;0;0;0;0;0;0;0;0;0"
"P3114;1300282;0;0;0;0;0;0;0;0;0;0;0;0;0;0;0;0"
"M3138;1300283;0;0;0;0;0;0;0;0;0;0;0;0;0;0;0;0"
"M3135;1300284;0;0;0;0;0;0;0;0;0;0;0;0;0;0;0;0"
"M3138;1300285;0;0;0;0;0;0;0;0;0;0;0;0;0;0;0;0"
"M3135;1300286;0;0;0;0;0;0;0;0;0;0;0;0;0;0;0;0"
"M3139;1300287;0;0;0;0;0;0;0;0;0;0;0;0;0;0;0;0"
"M3137;1300288;0;0;0;0;0;0;0;0;0;0;0;0;0;0;0;0"
"M3136;1300289;0;0;0;0;0;0;0;0;0;0;0;0;0;0;0;0"
"M3135;1300290;0;0;0;0;0;0;0;0;0;0;0;0;0;0;0;0"
"M3138;1300291;0;0;0;0;0;0;0;0;0;0;0;0;0;0;0;0"
"M3137;1300292;0;0;0;0;0;0;0;0;0;0;0;0;0;0;0;0"
"N3147;1300293;0;0;0;0;0;0;0;0;0;0;0;0;0;0;0;0"
"M3139;1300294;0;0;0;0;0;0;0;0;0;0;0;0;0;0;0;0"
"M3136;1300295;0;0;0;0;0;0;0;0;0;0;0;0;0;0;0;0"
"D3110;1300296;0;0;0;0;0;0;0;0;0;0;0;0;0;0;0;0"
"M3135;1300297;0;0;0;0;0;0;0;0;0;0;0;0;0;0;0;0"
"M3138;1300298;0;0;0;0;0;0;0;0;0;0;0;0;0;0;0;0"
"M3138;1300299;0;0;0;0;0;0;0;0;0;0;0;0;0;0;0;0"
"M3139;1300300;0;0;0;0;0;0;0;0;0;0;0;0;0;0;0;0"
"M3139;1300301;0;0;0;0;0;0;0;0;0;0;0;0;0;0;0;0"
"P3110;1300302;0;0;0;0;0;0;0;0;0;0;0;0;0;0;0;0"
"P3100;1300303;0;0;0;0;0;0;0;0;0;0;0;0;0;0;0;0"
"P3112;1300304;0;0;0;0;0;0;0;0;0;0;0;0;0;0;0;0"
"M3139;1300305;0;0;0;0;0;0;0;0;0;0;0;0;0;0;0;0"
"P3100;1300306;0;0;0;0;0;0;0;0;0;0;0;0;0;0;0;0"
"M3138;1300307;0;0;0;0;0;0;0;0;0;0;0;0;0;0;0;0"
"D3110;1300308;0;0;0;0;0;0;0;0;0;0;0;0;0;0;0;0"
"D3110;1300747;0;0;0;0;0;0;0;0;0;0;0;0;0;0;0;0"
"M3108;1300748;0;0;0;0;0;0;0;0;0;0;0;0;0;0;0;0"
"M3134;1000222;0;0;0;7;0;0;0;0;0;0;0;0;0;0;0;0"
"W3160;472374;100;0;0;0;0;0;0;0;0;0;0;0;0;0;0;0"
"M3134;971143;100;0;0;0;0;0;0;0;0;0;0;0;0;0;0;0"
"K3120;987097;100;0;0;0;0;0;0;0;0;0;0;0;0;0;0;0"
"R3180;1080976;100;0;0;0;0;0;0;0;0;0;0;0;0;0;0;0"
"V3104;1299359;100;0;0;0;0;0;0;0;0;0;0;0;0;0;0;0"
"P3113;1120969;100;50;0;0;0;0;0;0;0;0;0;0;0;0;0;0"
"L3116;970837;100;0;0;80;0;0;0;0;0;0;0;0;0;0;0;0"
"K3142;352969;100;87;0;0;0;0;0;0;0;0;0;0;0;0;0;0"
"N3152;973051;100;93;0;0;0;0;0;0;0;0;0;0;0;0;0;0"
"M3134;1022644;100;93;0;0;0;0;0;0;0;0;0;0;0;0;0;0"
"M3136;689323;100;100;0;0;0;0;0;0;0;0;0;0;0;0;0;0"
"U3177;960466;100;100;0;0;0;0;0;0;0;0;0;0;0;0;0;0"
"R3137;1136473;100;30;0;0;0;0;0;0;0;94;0;0;0;0;0;0"
"K3141;930616;100;80;100;0;0;0;0;0;0;0;0;0;0;0;0;0"
"M3136;1146007;100;80;100;0;0;0;0;0;0;0;0;0;0;0;0;0"
"M3134;1000657;100;87;96;0;0;0;0;0;0;0;0;0;0;0;0;0"
"M3134;1110148;100;87;0;0;0;0;0;100;0;0;0;0;0;0;0;0"
"R3145;1299333;100;87;100;0;0;0;0;0;0;0;0;0;0;0;0;0"
"K3141;1136890;100;90;100;0;0;0;0;0;0;0;0;0;0;0;0;0"
"P3102;981520;100;93;100;0;0;0;0;0;0;0;0;0;0;0;0;0"
"P3170;1264233;100;100;100;0;0;0;0;0;0;0;0;0;0;0;0;0"
"R3177;977752;100;70;100;73;0;0;0;0;0;0;0;0;0;0;0;0"
"V3104;29698;100;60;96;0;100;0;0;0;0;0;0;0;0;0;0;0"
"K3142;969691;100;93;100;87;0;0;0;0;0;0;0;0;0;0;0;0"
"U3177;970891;100;93;100;87;0;0;0;0;0;0;0;0;0;0;0;0"
"R3137;993568;100;100;100;100;0;0;0;0;0;0;0;0;0;0;0;0"
"P3114;970342;100;40;96;87;100;0;0;0;0;0;0;0;0;0;0;0"
"M3137;1087363;100;50;91;87;100;67;0;0;0;0;0;0;0;0;0;0"
"N3148;1113460;100;0;100;0;100;100;0;0;0;0;0;0;100;0;0;0"
"P3102;1259861;100;90;100;80;100;33;0;0;0;0;0;0;0;0;0;0"
"U3177;971911;100;80;100;100;100;33;0;0;0;0;0;0;0;0;0;0"
"U3177;964579;100;87;100;73;0;0;100;100;0;0;0;0;0;0;0;0"
"N3149;970651;100;93;100;93;100;0;90;0;0;0;0;0;0;0;0;0"
"M3134;1285983;88;20;78;67;0;33;90;100;100;0;0;0;0;0;0;0"
"L3130;1300205;100;100;100;87;0;0;100;100;0;0;0;0;0;0;0;0"
"M3136;221789;100;100;100;73;100;67;0;0;100;0;0;0;0;0;0;0"
"M3135;1169701;100;73;87;73;0;0;80;100;100;81;0;0;0;0;0;0"
"P3113;1015426;100;93;100;87;0;0;100;100;100;81;0;0;0;0;0;0"
"P3122;975505;100;87;83;87;100;33;80;100;100;0;0;0;0;0;0;0"
"U3176;988240;100;0;100;93;0;33;0;100;100;88;60;0;0;0;100;0"
"V3136;218231;100;100;78;100;0;0;80;100;100;81;0;0;0;0;53;0"
"P3113;1175890;100;73;100;87;0;33;0;0;100;100;100;0;0;0;100;0"
"M3135;1278691;0;93;96;93;100;67;100;100;100;100;0;0;0;0;0;0"
"M3134;1293798;100;100;100;80;100;100;100;100;100;0;0;0;0;0;0;0"
"U3177;971563;100;93;100;60;100;0;90;95;88;88;0;0;0;0;94;0"
"W3105;767818;100;70;96;80;0;0;100;0;0;100;100;0;100;100;100;0"
"L3130;1139740;100;0;100;13;0;33;100;100;100;100;100;0;100;0;100;0"
"U3177;952117;100;87;100;73;0;33;100;100;88;88;60;0;0;100;18;0"
"U3175;970390;100;90;87;87;0;33;100;100;100;94;60;0;0;0;100;0"
"M3134;1117219;25;80;83;67;0;33;90;100;88;88;100;0;0;100;100;0"
"W3105;1192033;100;50;70;93;0;50;100;100;100;100;100;0;0;0;100;0"
"N3148;1024072;100;87;100;100;100;100;90;100;100;88;0;0;0;0;0;0"
"P3112;966682;88;70;96;87;67;83;90;100;88;100;100;0;0;0;0;0"
"P3101;968611;100;100;100;93;100;100;100;100;88;88;0;0;0;0;0;0"
"W3105;366431;100;80;100;73;100;0;100;95;0;88;60;100;0;0;76;0"
"N3151;1025692;88;20;100;67;0;33;100;100;75;100;100;0;0;100;100;0"
"P3113;961600;100;100;100;93;0;0;0;0;100;94;100;0;100;100;100;0"
"P3169;382539;100;100;100;73;100;67;100;0;88;0;60;100;100;0;0;0"
"R3136;961963;100;60;100;73;0;67;90;100;0;100;100;0;0;100;100;0"
"Z3143;1165837;88;70;100;0;100;33;100;0;100;100;100;100;100;0;0;0"
"N3152;956671;100;93;100;0;100;0;100;100;100;100;100;0;0;0;100;0"
"Z3143;1266073;75;70;100;80;0;0;100;100;100;75;0;100;0;100;94;0"
"W3105;1295122;88;87;96;87;0;0;100;100;100;100;40;0;0;100;100;0"
"U3148;967801;100;100;100;67;100;33;100;0;100;100;100;0;0;100;0;0"
"W3160;1219780;75;100;100;0;0;33;100;100;0;100;100;100;0;100;100;0"
"U3175;994399;88;60;87;87;100;33;90;100;0;94;100;0;100;0;71;0"
"R3136;994849;100;100;100;93;0;33;90;100;100;0;100;100;0;0;94;0"
"U3148;1056283;100;100;100;80;0;33;100;100;100;100;0;0;100;100;0;0"
"P3110;1121887;88;70;100;73;67;0;90;100;88;100;40;0;100;0;100;0"
"P3169;356192;100;0;100;87;0;33;100;100;100;100;100;0;0;100;100;0"
"B3166;1116931;100;90;100;0;0;33;100;100;100;100;100;0;100;0;100;0"
"R3137;1183663;100;100;100;73;0;33;100;100;88;100;40;0;100;0;94;0"
"R3135;1007809;100;100;100;0;0;33;100;100;100;100;100;0;0;100;100;0"
"K3140;1137792;100;0;100;0;100;33;100;100;100;100;100;0;0;100;100;0"
"P3100;1200355;100;100;100;0;0;33;100;100;100;100;100;0;0;100;100;0"
"P3114;1296144;100;73;100;100;67;67;100;100;100;88;60;0;0;0;82;0"
"B3166;1178755;100;100;100;7;100;33;100;100;100;100;100;0;0;0;100;0"
"T3130;1142272;88;67;100;0;0;0;100;100;88;100;100;0;100;100;100;0"
"R3136;1296822;88;100;100;0;0;67;100;100;88;100;100;0;100;0;100;0"
"P3102;1022269;100;100;100;73;0;33;100;100;100;100;40;0;100;0;100;0"
"B3166;1006354;100;80;96;80;100;100;100;100;100;94;100;0;0;0;0;0"
"W3160;353202;100;40;65;80;33;33;100;100;100;100;100;0;0;100;100;0"
"P3111;1029241;75;30;100;60;0;100;100;100;88;100;100;0;100;0;100;0"
"K3120;1100857;38;0;100;0;0;33;100;100;88;100;100;100;100;100;100;0"
"U3176;951946;100;93;100;73;100;67;80;100;100;88;60;0;100;0;0;0"
"P3100;1082308;88;100;100;0;0;33;100;100;100;100;40;0;100;100;100;0"
"B3166;1127944;88;100;100;40;0;33;100;100;100;100;100;0;0;100;100;0"
"P3122;982261;100;50;100;87;100;67;80;100;100;81;100;0;0;0;100;0"
"U3175;922045;88;93;100;73;100;33;90;100;100;94;100;0;0;0;100;0"
"P3121;970771;100;100;100;87;100;100;90;100;100;94;100;0;0;0;0;0"
"V3104;969082;100;87;100;100;0;33;90;95;100;94;0;0;100;100;76;0"
"R3135;1279379;100;100;100;80;0;0;100;100;100;100;100;100;0;0;100;0"
"P3111;973372;100;100;100;73;100;33;100;100;100;100;40;0;0;100;35;0"
"P3173;846997;100;100;96;73;0;33;80;100;100;100;100;0;0;100;100;0"
"R3135;1080841;100;90;100;93;67;33;100;100;0;100;100;0;0;100;100;0"
"U3148;1287283;75;70;100;73;100;67;100;100;100;100;100;100;0;0;0;0"
"N3152;1173949;88;80;91;7;0;33;100;100;88;100;100;0;100;100;100;0"
"P3101;964027;100;100;100;67;0;33;100;100;88;100;100;0;0;100;100;0"
"L3130;1132642;100;100;0;67;100;33;100;100;100;94;100;0;0;100;94;0"
"U3177;970507;100;93;100;27;0;0;100;100;88;100;100;100;0;100;82;0"
"P3123;1089121;100;100;100;0;100;100;90;100;100;44;60;100;0;0;100;0"
"W3102;1117111;100;100;100;73;0;33;100;100;88;100;100;0;0;100;100;0"
"T3111;1139617;75;100;100;33;0;33;100;100;88;100;100;100;100;0;65;0"
"U3148;1252803;100;100;100;0;100;67;90;100;100;100;40;0;0;100;100;0"
"P3112;1212787;100;90;100;87;0;33;90;100;0;100;100;0;100;100;100;0"
"P3114;1132687;100;100;100;87;0;33;100;100;88;100;100;0;0;100;94;0"
"P3114;1001710;100;90;100;80;0;33;0;100;100;100;100;0;100;100;100;0"
"B3100;1023013;100;80;100;93;0;0;90;100;100;81;60;100;0;100;100;0"
"B5108;1140823;100;40;100;60;0;67;100;100;100;100;40;0;100;100;100;0"
"Z3143;1116913;100;30;83;67;0;33;100;100;100;100;100;0;100;100;100;0"
"P3173;1236207;100;0;100;87;100;33;100;0;0;100;100;100;100;100;100;0"
"N3151;1186687;88;100;100;100;0;33;100;100;100;100;100;0;0;100;100;0"
"P3172;962818;100;60;96;80;100;100;100;100;88;100;100;0;100;0;0;0"
"R3180;1079116;88;100;100;80;100;17;100;100;100;100;40;0;0;100;100;0"
"V3136;972571;100;100;100;93;0;33;100;100;100;100;100;0;0;100;100;0"
"P3122;973765;100;100;100;93;0;33;100;100;100;100;100;0;0;100;100;0"
"L3130;1121332;100;100;100;93;100;33;100;100;100;100;100;0;0;0;100;0"
"P3110;1141900;100;100;100;93;0;33;100;100;100;100;100;0;0;100;100;0"
"P3110;1089529;100;100;100;87;100;0;100;100;100;100;40;0;0;100;100;0"
"K3141;1060807;100;100;87;80;100;33;100;100;100;88;40;0;0;100;100;0"
"K3140;1218391;100;93;100;73;100;33;90;100;100;88;60;100;0;0;94;0"
"B3166;1064743;88;100;100;87;100;0;100;100;88;94;40;100;100;0;35;0"
"K3120;1000249;88;60;100;87;100;33;100;100;100;94;100;0;0;100;71;0"
"R3130;1111012;100;100;100;100;0;33;100;100;100;100;100;0;0;100;100;0"
"U3148;1293147;100;93;0;73;0;67;0;100;100;100;100;100;100;100;100;0"
"U3147;1085602;100;80;100;0;0;67;100;100;88;100;100;0;100;100;100;0"
"R3181;1177366;75;100;100;87;0;33;100;100;100;100;40;0;100;100;100;0"
"R3177;993754;100;93;100;80;100;33;90;100;88;88;100;0;0;100;65;0"
"P3169;1015465;100;70;100;0;100;67;100;100;0;100;100;0;100;100;100;0"
"R3177;934807;100;100;100;100;100;33;100;100;100;81;100;100;0;0;24;0"
"R3137;1086742;75;100;96;0;0;67;100;100;100;100;100;0;100;100;100;0"
"R3136;970624;100;100;100;73;100;67;100;100;100;100;100;0;0;0;100;0"
"K3121;1019461;100;93;100;80;0;33;100;100;100;100;100;0;100;100;35;0"
"K3122;1297994;100;67;100;67;100;67;100;100;100;100;40;0;0;100;100;0"
"V3106;964921;100;100;100;73;100;100;100;100;88;81;100;100;0;0;0;0"
"P3111;1012264;100;70;100;80;33;67;100;100;100;94;100;0;100;0;100;0"
"R3136;1109488;100;93;100;80;100;100;100;100;100;100;100;0;0;0;71;0"
"U3148;1280679;100;70;100;60;100;33;100;100;100;81;100;0;0;100;100;0"
"K3121;956248;100;87;100;80;100;0;90;100;100;88;100;100;100;0;0;0"
"Z3143;1170838;100;100;100;87;100;33;100;100;100;100;60;100;0;0;65;0"
"P3100;1000543;100;93;100;80;0;33;100;100;100;100;40;0;100;100;100;0"
"R3177;1126066;100;100;100;60;100;17;100;100;88;81;100;100;0;0;100;0"
"P3112;1298540;100;93;100;87;100;67;100;100;100;100;100;0;100;0;0;0"
"N3152;972328;100;100;100;80;100;33;100;100;100;100;100;0;0;100;35;0"
"R3135;1089751;100;100;100;80;0;33;100;100;100;100;100;100;0;100;35;0"
"T3111;1120369;100;40;100;87;0;33;100;100;88;100;100;100;0;100;100;0"
"B3166;1123990;100;90;100;87;0;100;100;100;100;100;100;0;0;100;71;0"
"B3100;972250;100;80;78;93;0;33;90;100;75;100;100;100;0;100;100;0"
"P3123;1082437;100;100;100;87;100;33;100;100;0;0;100;100;100;100;29;0"
"N3160;1133017;88;60;100;87;0;33;100;100;88;100;100;0;100;100;94;0"
"P3121;1287649;75;80;96;73;0;100;80;100;0;94;60;100;100;100;94;0"
"P3110;967471;100;80;100;73;0;0;100;100;100;100;100;0;100;100;100;0"
"L3130;1032910;100;93;100;93;100;67;100;100;100;0;100;0;0;100;100;0"
"N3147;1110085;100;80;100;73;100;100;100;100;0;100;100;0;100;0;100;0"
"P3113;1080379;100;87;100;67;100;100;100;100;0;100;100;0;100;0;100;0"
"R3181;1113916;100;60;100;87;100;33;100;100;88;88;100;0;100;0;100;0"
"N3150;1121701;75;100;100;60;33;100;100;100;88;100;100;0;0;100;100;0"
"N3149;963115;100;90;100;67;100;100;100;100;100;100;100;0;100;0;0;0"
"V3104;1135240;100;70;100;100;0;33;100;100;100;100;60;100;100;0;94;0"
"M3135;1045876;100;100;91;67;0;0;100;100;100;100;100;100;0;100;100;0"
"R3135;950488;88;50;100;60;0;33;100;100;100;94;40;100;100;100;94;0"
"V3106;970774;100;90;100;80;100;67;100;100;88;94;40;0;0;100;100;0"
"R3180;973504;100;80;96;87;100;33;100;100;88;100;40;0;100;100;35;0"
"T3115;1101901;100;53;100;73;0;33;100;100;100;100;100;0;100;100;100;0"
"K3122;970489;100;80;100;80;0;100;100;100;100;100;100;0;0;100;100;0"
"U3175;992689;100;93;87;80;67;33;100;100;100;100;100;0;100;0;100;0"
"N3151;1023166;100;100;100;87;100;33;100;100;100;100;40;0;0;100;100;0"
"Z3143;656554;100;60;87;87;100;33;100;100;100;94;0;100;100;0;100;0"
"P3100;972652;100;100;100;93;100;33;100;100;100;100;100;0;0;100;35;0"
"P3101;984310;100;100;100;73;100;100;100;100;88;100;100;0;0;100;0;0"
"N3149;1039714;100;87;100;87;100;33;100;100;100;94;60;0;0;100;100;0"
"L3130;1269041;100;100;100;0;100;33;100;100;88;100;40;100;0;100;100;0"
"W3102;1298016;88;93;100;33;33;67;100;100;88;94;100;0;100;100;65;0"
"U3176;959401;100;50;100;7;100;33;90;100;88;94;100;100;0;100;100;0"
"R3180;975973;100;70;91;87;100;33;100;100;88;94;100;0;0;100;100;0"
"R3135;1002316;100;100;100;80;100;100;90;100;0;94;0;100;0;100;100;0"
"L3130;1018612;100;67;87;93;0;67;80;76;100;100;100;0;100;100;94;0"
"K3142;1298575;100;100;100;100;33;33;100;100;100;100;100;0;100;100;0;0"
"P3172;981535;100;100;100;60;0;67;100;100;100;100;40;100;0;100;100;0"
"R3180;986062;100;80;100;87;0;0;100;100;100;100;100;0;100;100;100;0"
"B3100;1149751;88;100;100;80;67;33;100;100;100;100;100;0;0;100;100;0"
"T3111;994204;88;100;100;87;100;0;100;100;100;100;100;0;0;100;94;0"
"R3136;935470;38;100;100;0;0;33;100;100;100;100;100;100;100;100;100;0"
"R3145;311519;100;80;100;60;0;33;100;100;100;100;100;0;100;100;100;0"
"N3152;985735;100;100;100;0;100;33;100;100;100;100;40;100;0;100;100;0"
"R3130;993316;100;93;100;80;100;100;100;100;100;100;100;100;0;0;0;0"
"R3130;1014301;100;60;100;80;100;33;100;100;100;100;100;0;0;100;100;0"
"R3135;1061413;100;100;100;40;0;33;100;100;100;100;100;100;0;100;100;0"
"R3180;1084939;100;100;100;0;100;33;100;100;100;100;40;0;100;100;100;0"
"U3148;1119925;100;93;100;80;100;0;100;100;100;0;100;100;100;100;0;0"
"L3130;1037104;100;50;91;60;100;67;100;100;100;13;100;100;0;100;94;0"
"W3105;1241469;63;70;96;80;100;67;100;100;100;100;100;0;0;100;100;0"
"N3151;943213;100;93;100;80;100;50;100;100;100;0;60;100;0;100;94;0"
"R3177;1132903;100;90;100;67;100;33;100;100;100;94;100;0;0;100;94;0"
"M3134;1295964;100;80;91;80;0;33;100;100;100;94;100;0;100;100;100;0"
"T3150;546122;100;60;100;87;100;33;100;100;100;100;100;0;100;0;100;0"
"P3113;958531;100;100;100;80;0;100;100;100;100;100;100;0;0;100;100;0"
"K3121;970807;100;100;100;47;0;33;100;100;100;100;100;0;100;100;100;0"
"P3101;975187;100;100;100;80;0;0;100;100;100;100;100;100;0;100;100;0"
"P3123;984586;100;100;100;80;100;0;100;100;100;100;100;0;0;100;100;0"
"B3100;993061;100;100;100;80;0;100;100;100;100;100;100;100;100;0;0;0"
"R3140;998161;100;87;100;60;0;33;100;100;0;100;100;100;100;100;100;0"
"Z3143;1152538;0;100;100;47;0;33;100;100;100;100;100;100;100;100;100;0"
"K3140;1191337;100;0;100;53;100;33;100;100;100;100;100;0;100;100;94;0"
"R3177;1013887;100;100;100;67;100;33;100;100;100;81;100;0;0;100;100;0"
"P3111;1019602;100;60;100;100;100;33;100;100;88;0;100;100;0;100;100;0"
"M3134;1046959;100;100;100;93;100;100;100;100;88;100;0;0;100;0;100;0"
"P3170;1201309;100;100;100;80;33;33;100;100;100;100;100;0;100;100;35;0"
"M3135;992998;100;100;100;93;100;0;90;100;100;0;0;100;100;100;100;0"
"U3148;992281;100;50;100;93;100;33;100;100;100;81;40;100;0;100;88;0"
"M3135;1188253;100;80;91;87;100;33;100;100;100;94;100;0;0;100;100;0"
"M3132;250727;100;70;87;73;0;0;100;100;100;81;0;0;0;0;100;100"
"K3121;944245;100;93;100;93;100;100;100;100;100;100;0;0;100;100;0;0"
"P3111;967348;100;70;100;73;100;100;90;100;100;100;100;0;100;0;53;0"
"U3147;1120726;100;100;100;53;100;33;100;100;100;100;100;0;0;100;100;0"
"N3150;982597;100;100;100;87;100;100;100;100;100;100;100;100;0;0;0;0"
"R3181;987031;100;100;100;87;100;100;100;100;100;100;0;0;100;0;100;0"
"K3120;993610;100;100;100;87;100;0;100;100;100;100;100;0;0;100;100;0"
"L3116;1019947;75;90;100;87;100;100;100;100;100;100;100;0;0;100;35;0"
"V3104;1152247;75;100;100;80;100;33;100;100;100;100;100;0;100;0;100;0"
"P3113;980323;100;80;96;80;100;33;100;100;100;100;100;0;0;100;100;0"
"P3113;1030060;100;87;100;93;0;33;100;100;88;88;100;100;0;100;100;0"
"B3100;1121812;100;80;100;53;0;33;100;100;88;100;100;100;100;100;35;0"
"Z3143;1123081;75;40;100;67;100;67;100;100;100;100;40;100;0;100;100;0"
"P3170;984973;100;70;100;87;0;33;100;100;100;100;100;100;0;100;100;0"
"K3122;1059418;100;70;100;87;0;33;100;100;100;100;100;100;0;100;100;0"
"N3150;1012621;88;90;100;73;100;100;100;100;100;100;40;0;100;0;100;0"
"P3173;1026019;100;0;100;93;100;33;100;100;100;100;100;100;0;100;65;0"
"K3140;1211461;63;47;100;80;100;67;100;100;100;100;40;0;100;100;94;0"
"M3135;286013;100;67;100;93;100;33;100;100;100;100;100;0;0;100;100;0"
"K3121;391475;100;93;100;67;100;33;100;100;100;100;100;0;0;100;100;0"
"N3150;985819;100;100;100;93;100;100;100;100;100;100;100;100;0;0;0;0"
"P3102;1139275;100;100;100;93;100;100;100;100;100;100;100;0;100;0;0;0"
"R3137;1241423;100;100;100;93;100;100;100;100;100;0;100;0;100;0;100;0"
"U3177;952048;100;80;100;93;100;33;100;100;100;88;100;0;0;100;100;0"
"M3134;1085089;100;90;100;60;33;33;90;100;88;100;100;0;100;100;100;0"
"R3135;1151362;100;90;100;87;100;0;100;100;88;100;100;0;100;100;29;0"
"P3102;932008;100;100;100;93;100;67;100;100;100;100;100;0;100;0;35;0"
"P3121;934678;100;90;100;67;100;67;100;100;100;100;100;0;0;100;71;0"
"U3147;1129582;88;100;100;53;33;33;100;100;88;100;100;0;100;100;100;0"
"B3166;941194;100;100;100;73;100;33;90;100;100;100;100;0;100;0;100;0"
"P3169;985870;100;80;87;53;100;100;90;100;100;88;100;0;0;100;100;0"
"R3181;975178;100;60;100;80;100;100;90;100;88;81;100;0;0;100;100;0"
"W3105;1192303;100;53;100;13;100;33;100;100;100;100;100;100;0;100;100;0"
"U3177;71868;100;90;100;93;100;100;100;100;88;94;100;100;0;0;35;0"
"R3136;360242;100;100;100;100;100;100;100;100;100;100;0;100;100;0;0;0"
"P3113;964450;100;100;100;100;100;100;100;100;100;100;100;100;0;0;0;0"
"N3148;982339;100;80;100;87;0;33;100;100;100;100;100;100;0;100;100;0"
"N3160;982411;100;93;96;73;100;67;100;100;100;100;100;0;0;100;71;0"
"P3101;984895;100;100;100;100;100;0;100;100;100;100;100;100;100;0;0;0"
"R3177;988135;100;100;100;67;100;33;100;100;100;100;100;0;0;100;100;0"
"R3135;993829;100;100;100;100;100;0;100;100;100;100;0;0;100;100;100;0"
"P3111;999631;100;80;100;87;100;33;100;100;100;100;100;0;100;0;100;0"
"N3147;1014487;100;80;100;93;0;33;100;100;100;100;100;0;100;100;94;0"
"P3121;1081735;100;100;100;100;100;0;100;100;100;0;0;100;100;100;100;0"
"K3120;1122022;100;80;100;87;100;33;100;100;100;100;100;0;0;100;100;0"
"P3112;1120378;75;100;100;93;0;33;100;100;100;100;100;0;100;100;100;0"
"N3150;968269;100;100;100;87;100;33;100;100;88;94;100;0;0;100;100;0"
"V3106;965434;88;100;100;93;67;67;100;100;100;88;100;100;0;0;100;0"
"P3169;366737;100;100;100;87;100;33;90;100;100;100;100;0;0;100;94;0"
"P3172;460683;100;93;91;93;67;100;100;100;100;100;60;100;100;0;0;0"
"R3140;994876;100;60;100;73;100;83;100;100;88;100;100;0;0;100;100;0"
"L3130;1081936;100;90;100;80;100;33;100;95;88;94;100;0;100;100;24;0"
"M3135;1251725;100;40;100;73;100;33;70;100;100;100;100;100;0;100;88;0"
"T3115;986935;100;87;100;87;0;67;70;100;100;94;100;100;0;100;100;0"
"L3116;1135003;100;0;100;67;100;33;100;100;100;100;40;100;100;100;65;0"
"P3110;829188;0;100;100;73;100;33;100;100;0;100;100;100;100;100;100;0"
"P3121;935812;100;70;100;67;100;67;80;100;88;94;40;0;100;100;100;0"
"P3169;986041;100;93;100;80;100;33;100;100;100;100;100;0;0;100;100;0"
"P3110;988801;100;100;100;80;100;100;90;100;88;88;60;100;0;0;100;0"
"K3142;1023748;100;80;100;93;100;33;100;100;100;0;100;0;100;100;100;0"
"N3149;1117846;100;100;100;73;0;33;100;100;100;100;100;0;100;100;100;0"
"W3160;1129699;100;100;100;73;100;33;100;100;100;100;100;0;0;100;100;0"
"T3130;1178536;100;93;100;80;100;33;100;100;100;100;100;0;0;100;100;0"
"P3100;1231973;100;73;100;100;100;33;100;0;100;100;100;0;100;100;100;0"
"U3175;966640;100;80;100;87;100;0;100;100;100;100;40;0;100;100;100;0"
"N3147;1019920;100;60;100;87;67;33;100;100;100;100;60;0;100;100;100;0"
"V3136;1078651;100;100;100;80;100;33;100;100;100;94;0;0;100;100;100;0"
"P3102;968449;100;100;100;87;0;33;100;100;88;100;100;0;100;100;100;0"
"B3166;1076380;75;100;100;100;0;33;100;100;100;100;100;100;100;0;100;0"
"R3145;1123660;100;100;100;87;100;33;100;100;88;100;100;0;0;100;100;0"
"P3170;1260051;100;100;100;87;100;33;100;100;88;100;100;0;0;100;100;0"
"R3180;969604;100;50;100;60;100;100;100;100;100;100;100;0;0;100;100;0"
"V3136;976639;100;50;100;93;100;33;100;100;100;94;40;0;100;100;100;0"
"N3147;1001437;100;90;100;87;100;33;100;100;100;100;100;0;0;100;100;0"
"K3141;1121416;100;100;96;80;0;100;80;100;100;94;60;100;100;0;100;0"
"T3130;936322;38;100;100;73;67;33;100;100;100;100;100;100;0;100;100;0"
"N3152;972229;100;100;100;0;100;33;90;100;88;100;100;100;0;100;100;0"
"K3120;1029154;88;87;96;73;100;67;100;100;100;100;100;0;0;100;100;0"
"R3130;61105;100;93;87;67;100;33;100;100;75;81;0;100;100;100;76;0"
"Z3143;1045954;100;70;100;93;100;67;100;100;88;94;0;100;0;100;100;0"
"R3135;971647;100;100;100;80;100;33;100;100;100;100;100;0;0;100;100;0"
"P3169;978661;100;93;100;87;100;33;100;100;100;100;100;0;0;100;100;0"
"P3173;1021417;100;87;91;73;100;33;100;100;100;100;100;100;0;100;29;0"
"V3104;1108984;100;93;96;73;100;67;90;100;100;94;100;100;0;0;100;0"
"P3114;1185439;100;100;100;80;100;33;100;100;100;100;100;0;0;100;100;0"
"P3111;1290197;100;100;100;93;0;33;100;100;100;88;40;100;100;100;59;0"
"P3113;961588;100;100;100;87;0;33;100;100;100;94;100;0;100;100;100;0"
"P3169;973225;100;40;100;67;100;67;100;100;100;100;40;0;100;100;100;0"
"K3142;1023514;100;80;100;67;67;33;90;71;50;56;100;100;100;100;100;0"
"R3181;1078948;100;100;100;93;0;33;100;100;88;100;100;100;0;100;100;0"
"Z3143;1115650;88;90;100;93;100;67;100;100;88;88;100;0;0;100;100;0"
"R3135;1142512;100;80;100;67;0;67;100;100;100;100;100;0;100;100;100;0"
"P3114;1265499;100;93;100;100;0;33;100;100;100;88;100;100;0;100;100;0"
"P3111;969454;100;70;91;87;100;67;100;100;100;100;100;0;0;100;100;0"
"P3170;973000;100;87;100;73;100;17;100;100;75;63;100;100;0;100;100;0"
"N3150;948055;100;100;100;87;100;100;100;100;100;100;100;0;0;100;29;0"
"V3106;973378;100;90;100;93;100;33;100;100;100;100;100;0;100;0;100;0"
"T3111;1256373;88;70;100;80;0;100;90;100;100;88;100;0;100;100;100;0"
"P3114;971446;100;80;100;93;100;100;90;100;100;94;60;0;100;0;100;0"
"Z3143;1017694;100;93;100;80;100;100;90;100;100;94;60;0;100;0;100;0"
"Z3143;1181626;100;50;100;67;100;100;100;0;100;100;100;100;100;0;100;0"
"T3150;1206643;100;93;100;73;100;67;90;100;100;94;100;0;0;100;100;0"
"K3141;214432;100;73;100;93;100;100;90;100;75;88;0;100;100;0;100;0"
"V3104;970627;100;93;100;93;100;33;100;100;100;100;100;100;0;0;100;0"
"U3175;1083766;100;87;100;93;100;67;90;100;88;94;100;100;0;0;100;0"
"P3173;953593;100;100;100;87;100;33;100;100;100;100;100;0;0;100;100;0"
"R3136;955585;100;100;100;87;0;33;100;100;100;100;100;100;0;100;100;0"
"P3101;957742;100;100;100;87;100;33;100;100;100;100;100;0;100;0;100;0"
"U3175;965374;100;60;100;93;100;67;100;100;100;100;100;0;0;100;100;0"
"N3152;968659;100;87;100;100;100;33;100;100;100;100;100;0;0;100;100;0"
"P3170;972691;100;100;100;87;100;33;100;100;100;100;100;0;0;100;100;0"
"R3137;978907;100;100;100;87;0;33;100;100;100;100;100;0;100;100;100;0"
"R3140;1001272;88;80;96;80;100;0;100;100;88;88;100;0;100;100;100;0"
"P3101;1016194;100;80;100;73;0;67;100;100;100;100;100;0;100;100;100;0"
"P3122;1020010;100;100;100;87;0;33;100;100;100;100;100;100;100;0;100;0"
"B3100;1021828;100;100;100;87;0;33;100;100;100;100;100;0;100;100;100;0"
"T3130;1023406;100;100;100;87;100;33;100;100;100;100;100;0;0;100;100;0"
"N3151;1030414;100;100;100;87;100;33;100;100;100;100;100;0;0;100;100;0"
"P3114;1121014;100;100;100;100;0;67;100;100;100;88;100;0;100;100;65;0"
"L3130;1135630;100;100;100;87;0;33;100;100;100;100;100;0;100;100;100;0"
"K3122;1187734;100;60;100;87;0;33;100;100;100;100;40;100;100;100;100;0"
"T3150;1195336;100;100;100;87;100;33;100;100;100;100;100;0;0;100;100;0"
"U3176;956302;100;100;96;93;100;50;100;100;88;94;100;100;0;0;100;0"
"V3106;972238;100;93;100;73;100;17;90;100;100;88;60;100;0;100;100;0"
"P3121;987514;100;90;100;80;100;67;90;100;100;100;100;0;0;100;94;0"
"W3160;977440;100;100;96;93;0;33;100;100;100;100;100;100;0;100;100;0"
"V3106;1015486;100;100;100;87;100;100;100;100;100;100;100;0;0;100;35;0"
"M3137;1113307;88;93;96;87;0;100;80;90;100;88;100;100;0;100;100;0"
"M3134;1173637;63;100;100;53;100;67;100;100;100;100;40;100;0;100;100;0"
"P3110;1296063;63;100;100;93;0;67;100;100;100;100;100;100;0;100;100;0"
"K3121;937519;100;93;100;80;100;67;90;100;100;94;100;100;100;0;0;0"
"R3135;984868;100;87;96;93;100;100;100;100;100;88;60;100;0;100;0;0"
"P3112;1120933;100;93;96;80;33;33;90;100;100;100;100;0;100;100;100;0"
"P3169;1079896;100;100;100;93;100;33;100;100;100;100;0;0;100;100;100;0"
"W3160;1113649;100;93;100;0;100;33;100;100;100;100;100;0;100;100;100;0"
"U3175;972340;100;80;100;80;100;67;100;100;100;100;100;0;100;0;100;0"
"P3114;1088200;100;100;100;87;100;0;100;100;100;100;40;0;100;100;100;0"
"P3114;1128103;100;100;100;87;67;33;100;100;100;100;40;100;0;100;100;0"
"P3111;1235509;100;100;100;60;0;67;100;100;100;100;100;100;0;100;100;0"
"N3160;1298201;100;60;100;67;100;0;100;100;100;100;100;100;0;100;100;0"
"P3112;968500;100;100;100;93;100;100;100;100;100;100;100;100;0;0;35;0"
"R3136;1286111;100;100;91;87;100;67;100;90;100;100;100;0;0;100;94;0"
"V3106;970444;100;90;100;73;100;67;100;100;100;100;100;0;0;100;100;0"
"B3132;1117825;100;80;100;93;100;67;90;100;100;100;100;0;0;100;100;0"
"V3104;1129726;88;100;100;87;100;67;100;100;100;88;100;0;100;100;0;0"
"R3177;956410;100;100;100;93;100;67;90;100;100;81;100;100;100;0;0;0"
"P3100;1158004;75;100;100;87;100;100;100;100;100;100;40;0;100;100;29;0"
"P3110;984853;100;100;100;100;100;33;100;100;100;100;100;0;0;100;100;0"
"P3169;1049122;100;100;100;100;100;33;100;100;100;100;100;0;100;0;100;0"
"R3136;1088353;100;100;100;100;0;33;100;100;100;100;100;100;0;100;100;0"
"R3145;1150447;100;100;100;0;100;33;100;100;100;100;100;0;100;100;100;0"
"T3150;1166038;88;87;91;100;100;67;100;100;100;100;100;0;0;100;100;0"
"U3147;935947;100;80;100;87;100;67;100;100;100;100;100;0;0;100;100;0"
"U3175;962497;100;80;100;87;0;67;100;100;100;100;100;0;100;100;100;0"
"V3106;976387;100;90;100;93;100;100;70;100;88;94;100;100;0;0;100;0"
"L3116;1002043;100;80;87;73;67;67;80;100;100;81;100;100;0;100;100;0"
"U3175;987238;100;100;100;87;0;67;100;100;88;100;100;0;100;100;94;0"
"P3169;1296609;100;100;100;80;100;33;100;100;88;100;100;100;0;100;35;0"
"P3102;969622;75;90;100;73;100;100;100;100;100;100;100;0;100;0;100;0"
"Z3143;994411;100;80;100;80;100;100;90;100;100;88;100;0;0;100;100;0"
"P3111;889261;100;100;100;73;100;67;100;100;100;100;100;0;0;100;100;0"
"P3102;967387;100;80;100;93;0;67;100;100;100;100;100;100;0;100;100;0"
"R3136;1084561;100;100;100;73;100;67;100;100;100;100;100;0;100;0;100;0"
"Z3143;1098457;100;100;100;73;100;67;100;100;100;100;100;0;100;0;100;0"
"V3104;936154;100;80;100;100;100;67;100;100;100;94;0;100;100;0;100;0"
"N3152;978232;100;70;100;73;100;33;100;100;100;100;100;100;0;100;65;0"
"U3148;1119973;100;93;100;87;100;33;80;100;100;94;60;100;0;100;94;0"
"T3130;969430;100;90;87;80;100;67;70;100;88;100;60;100;0;100;100;0"
"P3111;1259091;100;80;100;80;100;33;100;100;88;63;100;0;100;100;100;0"
"R3135;1279617;100;100;100;100;100;33;100;100;100;100;40;0;100;100;71;0"
"B5108;1116460;88;90;100;100;100;33;100;100;100;94;40;100;0;100;100;0"
"P3112;968848;100;100;100;47;0;100;100;100;100;100;100;100;0;100;100;0"
"P3113;970510;100;100;100;80;100;67;100;100;100;100;100;100;100;0;0;0"
"K3120;1268125;100;80;0;100;100;67;100;100;100;100;100;100;100;0;100;0"
"N3160;948343;100;100;100;93;100;67;100;100;88;100;100;0;0;100;100;0"
"T3115;966304;100;90;100;80;100;100;90;100;100;88;100;0;0;100;100;0"
"U3147;1018138;88;60;100;93;100;33;80;100;100;100;100;0;100;100;94;0"
"N3151;1025641;100;100;100;80;100;33;100;100;75;100;60;0;100;100;100;0"
"P3173;1065301;100;100;100;93;100;67;100;100;88;100;100;0;0;100;100;0"
"R3180;1135906;100;40;100;87;100;33;100;100;100;88;100;100;0;100;100;0"
"P3113;1013062;63;100;100;87;100;100;100;100;100;100;100;0;0;100;100;0"
"P3102;1016755;63;87;100;67;100;33;100;100;100;100;100;0;100;100;100;0"
"V3104;471171;88;67;100;87;67;67;100;100;75;100;100;0;100;100;100;0"
"P3121;923929;100;93;96;87;100;100;100;100;100;88;100;0;100;0;88;0"
"Z3143;994591;100;100;100;80;100;33;100;100;100;100;40;0;100;100;100;0"
"K3141;1120918;100;93;100;53;100;67;100;100;100;100;40;0;100;100;100;0"
"L3116;1121758;100;93;100;67;100;33;100;100;100;100;60;0;100;100;100;0"
"R3137;1122469;100;60;100;60;100;33;100;100;100;100;100;0;100;100;100;0"
"K3121;982237;100;93;100;73;100;100;100;100;100;88;0;100;0;100;100;0"
"Z3143;986629;100;100;100;87;0;67;100;100;100;100;100;100;0;100;100;0"
"U3176;990691;100;100;100;87;0;67;100;100;100;100;100;0;100;100;100;0"
"V3104;1001350;100;80;100;80;100;0;100;100;100;100;100;100;100;0;94;0"
"L3116;1015588;100;60;100;100;100;100;100;100;100;94;100;0;100;0;100;0"
"T3150;1023007;100;100;100;87;100;33;100;100;100;100;100;0;100;100;35;0"
"P3111;1028794;100;87;100;0;100;33;100;100;100;100;100;100;100;100;35;0"
"R3137;987667;100;90;100;33;100;33;100;100;100;100;100;100;0;100;100;0"
"P3172;959233;100;50;100;80;0;33;100;100;100;100;100;100;100;100;94;0"
"P3123;982891;100;100;87;87;100;67;100;100;88;88;40;0;100;100;100;0"
"B5108;970258;100;70;100;100;100;0;100;100;88;100;100;100;0;100;100;0"
"R3136;1214362;100;100;100;93;100;100;100;100;100;100;100;0;0;100;65;0"
"U3176;955840;100;40;83;80;100;0;80;100;88;88;100;100;100;100;100;0"
"Z3143;1044133;100;90;100;87;100;0;100;100;88;94;100;0;100;100;100;0"
"L3116;1089001;100;90;100;93;100;100;100;100;88;94;100;0;0;100;94;0"
"K3122;362705;100;73;100;87;0;100;0;100;100;100;100;100;100;100;100;0"
"P3170;807694;100;100;100;87;100;33;100;100;100;100;40;100;100;0;100;0"
"W3160;857632;100;100;100;93;0;67;100;100;100;100;100;0;100;100;100;0"
"P3113;970324;100;100;100;93;100;67;100;100;100;100;0;100;100;100;0;0"
"B3166;985768;100;100;100;93;100;67;100;100;100;100;100;0;100;100;0;0"
"P3101;987154;100;93;100;87;100;100;80;100;100;100;100;100;0;0;100;0"
"N3148;995224;100;100;100;93;100;67;100;100;100;100;100;0;0;100;100;0"
"P3112;999610;100;93;100;67;100;100;100;100;100;100;100;0;100;0;100;0"
"R3136;1027066;100;100;100;93;100;67;100;100;100;100;0;100;100;100;0;0"
"P3102;1179973;100;100;100;93;0;67;100;100;100;100;100;0;100;100;100;0"
"V3104;971209;100;90;100;100;100;83;100;100;100;88;100;100;0;0;100;0"
"P3102;1001014;100;100;100;93;100;33;100;100;100;100;100;100;100;0;35;0"
"N3160;1109959;100;100;100;100;100;33;100;100;88;100;40;0;100;100;100;0"
"P3102;994465;100;60;100;80;67;67;100;100;88;100;100;0;100;100;100;0"
"P3121;935095;100;70;100;87;100;100;70;100;100;94;60;100;0;100;82;0"
"T3150;947128;100;67;96;67;100;67;90;100;88;88;100;0;100;100;100;0"
"U3177;956308;100;87;100;100;100;100;100;100;88;88;100;100;0;100;0;0"
"P3169;1029166;63;100;100;67;0;33;100;100;100;100;100;100;100;100;100;0"
"B3132;1078837;100;70;100;93;0;100;100;100;100;100;100;0;100;100;100;0"
"U3176;971140;100;80;100;100;100;100;90;100;100;100;100;0;0;100;94;0"
"K3140;1124818;100;100;100;67;100;33;100;100;100;100;100;0;100;100;65;0"
"K3122;1242457;63;100;100;80;100;33;100;67;100;100;40;100;100;100;82;0"
"P3173;983224;100;100;100;67;100;0;100;100;100;100;100;0;100;100;100;0"
"L3116;1001431;100;80;100;87;100;100;100;100;100;100;100;100;100;0;0;0"
"R3180;1140472;63;87;100;87;100;67;100;100;88;75;100;100;0;100;100;0"
"L3130;971668;100;60;100;53;100;67;100;100;88;100;100;100;0;100;100;0"
"P3112;992479;100;87;100;87;100;0;100;100;100;0;100;100;100;100;94;0"
"P3112;1001269;100;90;100;80;100;100;100;100;100;100;100;0;100;0;100;0"
"K3143;1046245;100;87;96;80;100;67;100;100;100;100;40;0;100;100;100;0"
"P3100;1105459;100;100;100;80;100;100;90;100;100;100;100;100;0;0;100;0"
"P3111;1119919;100;90;100;80;67;33;100;100;100;100;100;100;0;100;100;0"
"N3152;1121050;63;93;100;47;100;67;100;100;100;100;100;0;100;100;100;0"
"B3100;1121629;100;90;100;93;100;0;100;100;88;100;100;0;100;100;100;0"
"V3104;1123099;100;90;100;87;100;100;100;100;100;94;100;100;0;0;100;0"
"T3111;788689;100;60;100;80;100;0;90;100;88;94;60;100;100;100;100;0"
"N3150;387005;100;100;100;93;100;100;80;100;100;100;100;100;100;0;0;0"
"N3160;957241;100;80;100;93;100;100;100;100;100;100;100;0;0;100;100;0"
"U3147;961423;100;40;91;87;100;67;100;100;100;88;100;0;100;100;100;0"
"K3121;972067;100;80;100;93;100;100;100;100;100;100;100;0;0;100;100;0"
"N3150;1120240;100;80;100;60;0;33;100;100;100;100;100;100;100;100;100;0"
"P3170;1186054;100;100;100;67;100;67;100;100;100;100;40;100;0;100;100;0"
"U3177;952123;100;100;100;100;100;100;100;100;75;100;100;0;100;0;100;0"
"R3137;986803;88;100;100;87;100;0;100;100;100;100;100;0;100;100;100;0"
"P3170;1054816;100;100;100;73;0;67;100;100;100;100;100;100;100;100;35;0"
"K3122;990811;100;90;100;87;100;100;100;100;100;100;100;100;0;100;0;0"
"N3147;1001338;100;93;91;53;100;100;90;100;75;81;100;100;100;0;94;0"
"P3101;970639;100;50;100;80;100;0;100;100;100;88;60;100;100;100;100;0"
"W3160;1269045;100;93;100;53;100;33;100;100;100;100;100;0;100;100;100;0"
"L3116;381672;100;80;100;100;100;100;100;100;100;100;100;100;0;0;100;0"
"P3112;967393;100;100;100;80;100;0;100;100;100;100;100;0;100;100;100;0"
"V3104;972202;100;100;100;80;100;100;100;100;100;100;100;0;100;0;100;0"
"N3160;978025;100;60;100;80;100;100;100;100;100;100;40;100;0;100;100;0"
"P3123;978067;100;100;100;80;100;100;100;100;100;100;100;0;0;100;100;0"
"P3123;982756;100;100;100;80;100;100;100;100;100;100;100;0;0;100;100;0"
"P3170;983044;100;80;100;67;100;33;100;100;100;100;100;100;0;100;100;0"
"R3177;987604;100;87;100;80;100;33;80;100;100;100;100;0;100;100;100;0"
"P3113;1001101;100;100;100;80;100;100;100;100;100;100;100;0;0;100;100;0"
"N3149;1005451;100;100;100;80;100;100;100;100;100;100;100;0;100;0;100;0"
"K3120;1015036;100;87;100;93;0;100;100;100;100;100;100;100;0;100;100;0"
"N3148;1026592;100;100;100;80;100;100;100;100;100;100;100;0;100;0;100;0"
"B3166;1064860;100;67;100;80;100;33;0;100;100;100;100;100;100;100;100;0"
"L3130;1121893;100;80;100;67;100;33;100;100;100;100;100;100;0;100;100;0"
"P3101;1156048;100;100;100;73;100;67;100;100;100;100;40;100;0;100;100;0"
"U3175;956143;100;80;100;80;100;33;100;100;100;88;100;100;0;100;100;0"
"P3111;967981;100;100;100;87;100;100;100;100;100;94;100;100;100;0;0;0"
"N3151;972319;88;93;100;100;100;100;100;100;100;100;100;0;0;100;100;0"
"P3123;983455;100;60;100;80;100;67;80;100;100;94;100;0;100;100;100;0"
"L3130;994750;100;100;100;100;100;100;100;100;100;81;100;0;0;100;100;0"
"P3112;1013299;100;100;100;87;0;100;100;100;100;94;100;0;100;100;100;0"
"K3122;935149;100;90;100;93;100;100;100;100;100;100;100;0;0;100;100;0"
"P3101;957862;100;100;100;80;100;33;70;100;100;100;100;100;100;0;100;0"
"P3123;959953;100;100;96;93;100;100;100;100;100;100;100;0;0;100;94;0"
"P3123;976723;100;90;100;93;100;100;100;100;100;100;100;0;0;100;100;0"
"N3160;982318;100;100;100;87;100;67;100;100;100;94;100;0;100;100;35;0"
"P3122;984700;100;80;100;80;100;33;90;100;100;100;100;0;100;100;100;0"
"B3166;992113;100;70;100;80;100;33;100;100;100;100;100;0;100;100;100;0"
"T3115;1021393;100;93;100;80;67;67;100;100;88;88;100;0;100;100;100;0"
"P3100;1122556;100;90;100;93;100;100;100;100;100;100;100;0;0;100;100;0"
"B3132;972475;100;70;83;80;100;67;90;100;100;94;100;0;100;100;100;0"
"L3130;1082068;100;90;100;100;100;100;100;100;100;100;100;0;0;100;94;0"
"Z3143;1129366;100;93;96;100;100;67;100;100;88;100;40;0;100;100;100;0"
"Z3143;1232405;100;70;100;87;100;33;100;100;100;100;100;0;100;100;94;0"
"P3101;236178;100;100;100;87;100;100;100;100;100;100;100;100;100;0;0;0"
"N3150;279534;100;100;100;87;100;100;100;100;100;100;100;100;100;0;0;0"
"T3130;969517;100;93;91;100;100;33;70;100;100;100;100;100;100;0;100;0"
"P3121;970144;100;80;100;80;100;100;70;100;63;94;100;0;100;100;100;0"
"N3147;975334;100;100;100;87;100;100;100;100;100;100;100;0;0;100;100;0"
"N3160;984103;100;100;100;87;100;100;100;100;100;100;100;100;100;0;0;0"
"P3112;994624;100;100;100;87;100;100;100;100;100;100;100;100;100;0;0;0"
"N3148;1019356;100;0;100;87;100;0;100;100;100;100;100;100;100;100;100;0"
"V3106;1079221;100;100;100;87;100;100;100;100;100;100;100;100;0;0;100;0"
"L3116;1084462;100;100;100;87;100;100;100;100;100;100;100;100;0;0;100;0"
"P3170;1086832;100;100;100;87;100;100;100;100;100;100;100;0;0;100;100;0"
"V3104;1109962;100;100;100;93;100;100;100;100;100;100;100;100;0;0;94;0"
"R3130;1174333;100;100;100;87;0;0;100;100;100;100;100;100;100;100;100;0"
"M3134;1255577;100;87;87;80;100;33;100;100;100;100;100;0;100;100;100;0"
"P3111;971062;100;80;100;93;100;100;80;100;100;75;60;100;0;100;100;0"
"K3120;1033288;100;100;100;0;100;100;100;100;88;100;100;0;100;100;100;0"
"P3123;986233;100;90;96;80;100;33;90;100;100;100;100;0;100;100;100;0"
"T3130;997291;100;100;100;87;100;67;100;100;100;100;100;0;100;100;35;0"
"V3136;296283;100;60;91;93;100;67;80;100;100;100;100;100;0;100;100;0"
"N3151;937603;100;70;96;87;100;100;90;100;100;88;60;0;100;100;100;0"
"L3116;1216843;100;90;100;73;100;33;100;95;100;100;100;100;0;100;100;0"
"V3104;1001329;88;70;100;100;100;50;90;100;100;94;0;100;100;100;100;0"
"R3137;921724;100;70;100;80;100;67;100;100;88;88;100;0;100;100;100;0"
"N3150;1019803;100;100;100;93;0;100;100;100;100;100;100;0;100;100;100;0"
"U3147;1022605;100;100;100;60;100;33;100;100;100;100;100;0;100;100;100;0"
"P3172;1110412;100;100;100;93;100;100;100;100;100;100;100;100;100;0;0;0"
"L3130;1123165;100;80;100;80;100;33;100;100;100;100;100;100;100;100;0;0"
"P3170;1012348;100;80;100;87;0;33;100;100;100;100;100;100;100;100;94;0"
"T3111;1081030;100;67;52;67;100;33;100;100;75;100;100;100;100;100;100;0"
"R3136;1121437;100;100;100;80;100;67;100;100;100;0;100;0;0;0;29;85"
"K3120;1000228;100;100;100;100;100;67;100;100;88;100;40;0;100;100;100;0"
"U3148;362010;100;90;100;73;100;33;100;100;100;100;100;100;0;100;100;0"
"K3122;1050019;100;90;100;93;100;33;80;100;100;100;100;100;0;100;100;0"
"P3173;353198;100;93;91;80;100;33;100;100;100;100;100;100;0;100;100;0"
"B3166;1110022;100;100;100;93;100;33;100;100;100;100;100;100;0;100;71;0"
"P3110;971128;88;87;96;0;100;33;100;100;100;94;100;100;100;100;100;0"
"N3151;1121326;100;93;83;87;100;100;100;100;100;100;100;0;100;100;35;0"
"R3180;960532;100;93;100;73;100;33;100;100;100;100;100;100;100;100;0;0"
"T3115;1110031;100;87;96;93;100;33;90;100;100;100;100;0;100;100;100;0"
"P3113;970990;100;90;100;87;100;33;90;100;100;100;100;100;0;100;100;0"
"U3147;993946;100;100;96;93;100;33;90;100;100;88;100;0;100;100;100;0"
"P3170;1016311;100;100;100;100;100;100;100;100;100;100;100;100;100;0;0;0"
"P3110;1017211;100;100;100;100;0;0;100;100;100;100;100;100;100;100;100;0"
"B3100;1019497;100;87;100;80;0;33;100;100;100;100;100;100;100;100;100;0"
"U3148;1040236;100;93;100;80;100;33;100;100;100;94;100;100;0;100;100;0"
"T3150;1141495;0;100;100;67;100;33;100;100;100;100;100;100;100;100;100;0"
"P3111;1278223;100;100;100;67;100;33;100;100;100;100;100;0;100;100;100;0"
"R3137;978280;100;93;100;93;100;67;100;100;100;88;60;0;100;100;100;0"
"R3140;1136347;100;93;100;93;100;67;90;100;100;100;100;100;100;0;59;0"
"N3149;971620;100;100;96;93;100;33;100;100;100;81;100;0;100;100;100;0"
"T3115;1036843;100;80;100;73;100;67;90;100;100;94;100;0;100;100;100;0"
"R3181;1056523;100;90;100;87;0;33;100;100;100;100;100;100;100;100;94;0"
"U3148;1121899;100;70;100;67;100;67;100;100;100;100;100;0;100;100;100;0"
"T3150;955765;100;93;91;100;100;100;100;100;100;56;100;100;100;0;65;0"
"K3142;995710;100;80;91;80;100;100;100;100;100;94;60;0;100;100;100;0"
"P3102;1022587;100;100;100;73;100;33;100;100;100;100;100;0;100;100;100;0"
"U3147;1119958;100;100;100;73;100;33;100;100;100;100;100;100;0;100;100;0"
"P3170;1179073;100;93;100;80;100;33;100;100;100;100;100;0;100;100;100;0"
"U3175;952354;100;87;100;93;100;33;100;100;100;94;100;0;100;100;100;0"
"R3140;957652;100;93;100;93;100;33;100;100;88;100;100;0;100;100;100;0"
"N3147;972790;100;70;100;80;100;67;90;100;100;100;100;0;100;100;100;0"
"P3123;982771;100;87;100;87;100;33;100;100;100;100;100;0;100;100;100;0"
"Z3143;989185;100;40;87;80;100;100;100;100;100;100;100;100;100;0;100;0"
"R3140;1011067;100;60;100;80;0;67;100;100;100;100;100;100;100;100;100;0"
"K3122;1134361;100;87;100;93;100;33;100;100;100;94;100;0;100;100;100;0"
"M3134;1242893;100;87;100;87;100;33;100;100;100;100;100;0;100;100;100;0"
"N3152;965017;100;100;100;87;100;33;100;100;88;100;100;0;100;100;100;0"
"K3120;971500;100;100;100;87;100;33;100;100;88;100;100;0;100;100;100;0"
"N3149;971635;88;87;96;93;100;50;100;100;100;94;100;100;0;100;100;0"
"P3110;981241;100;100;100;87;100;33;100;100;88;100;100;100;0;100;100;0"
"R3180;1013344;100;100;100;87;100;33;100;100;88;100;100;100;0;100;100;0"
"L3116;1081000;100;87;100;100;100;33;100;100;88;100;100;100;100;0;100;0"
"N3149;991006;100;50;100;93;100;67;100;100;100;100;100;0;100;100;100;0"
"P3122;1015684;100;80;87;80;100;100;100;100;88;81;100;100;100;0;94;0"
"P3172;1030201;100;90;100;87;100;33;100;100;100;100;100;0;100;100;100;0"
"P3110;936331;88;90;100;100;100;33;100;100;100;100;100;100;0;100;100;0"
"N3151;956557;100;90;100;80;100;100;90;100;100;75;100;100;100;0;76;0"
"W3160;1001152;100;80;96;87;0;67;100;100;100;81;100;100;100;100;100;0"
"N3147;1016089;100;93;91;53;100;100;80;100;100;94;100;100;100;0;100;0"
"P3101;798502;100;100;100;80;0;33;100;100;100;100;100;100;100;100;100;0"
"R3137;905479;100;93;100;87;100;33;100;100;100;100;100;100;100;100;0;0"
"U3175;952042;100;100;100;80;100;33;100;100;100;0;100;100;100;100;100;0"
"P3102;975523;100;80;100;100;100;33;100;100;100;100;100;0;100;100;100;0"
"P3122;994723;100;60;100;20;100;33;100;100;100;100;100;100;100;100;100;0"
"K3142;995329;100;87;100;93;100;33;100;100;100;100;100;0;100;100;100;0"
"R3137;1008586;100;100;100;80;100;33;100;100;100;100;100;0;100;100;100;0"
"R3136;1046596;100;100;100;80;100;33;100;100;0;100;100;100;100;100;100;0"
"N3147;1047214;100;93;96;67;100;67;90;100;100;100;100;0;100;100;100;0"
"U3148;1089802;100;100;100;80;100;33;100;100;100;100;100;100;0;100;100;0"
"N3152;1109764;100;93;100;87;100;33;100;100;100;100;100;100;0;100;100;0"
"R3135;1120147;100;100;100;80;100;33;100;100;100;100;100;100;0;100;100;0"
"R3130;1151503;100;80;100;100;0;33;100;100;100;100;100;100;100;100;100;0"
"P3170;1243019;100;100;100;80;100;33;100;100;100;100;100;0;100;100;100;0"
"K3122;1292293;100;100;100;80;100;33;100;100;100;100;100;0;100;100;100;0"
"U3177;950983;100;80;100;80;100;100;100;100;100;94;60;100;100;0;100;0"
"U3175;991231;100;100;100;87;100;33;100;100;100;100;100;0;100;100;94;0"
"W3160;1116577;100;100;100;7;100;67;100;100;100;100;40;100;100;100;100;0"
"R3180;1019260;100;100;100;73;100;83;90;100;75;100;100;0;100;100;94;0"
"W3160;1293188;100;73;100;87;100;67;100;100;88;100;100;0;100;100;100;0"
"V3136;1015993;100;100;100;93;100;33;90;100;100;100;100;100;100;0;100;0"
"V3136;1120021;100;90;100;27;100;0;100;100;100;100;100;100;100;100;100;0"
"B3132;413676;100;100;96;87;100;67;80;100;100;88;100;0;100;100;100;0"
"V3136;990628;100;70;100;93;100;67;100;100;88;100;100;0;100;100;100;0"
"T3115;995077;100;93;91;73;100;67;100;100;100;100;100;0;100;100;94;0"
"P3172;1141750;100;60;87;73;100;100;100;100;50;94;60;100;100;100;94;0"
"R3137;971104;100;60;96;87;100;100;100;100;88;88;100;100;100;100;0;0"
"K3121;1120705;100;80;91;87;100;83;90;100;100;88;100;0;100;100;100;0"
"T3150;1145905;100;87;91;93;100;67;100;100;100;81;100;0;100;100;100;0"
"P3102;970519;100;100;100;87;100;33;100;100;100;100;100;0;100;100;100;0"
"P3169;973705;100;50;100;87;100;83;100;100;100;100;100;0;100;100;100;0"
"N3149;1019875;100;100;100;87;0;33;100;100;100;100;100;100;100;100;100;0"
"P3169;1020304;100;100;100;87;100;33;100;100;100;100;100;0;100;100;100;0"
"P3110;1119949;100;100;100;87;100;33;100;100;100;100;100;0;100;100;100;0"
"R3130;1124974;100;100;100;87;100;33;100;100;100;100;100;0;100;100;100;0"
"L3130;1145641;100;100;100;87;100;33;100;100;100;100;100;0;100;100;100;0"
"B3166;1166674;100;100;100;87;0;33;100;100;100;100;100;100;100;100;100;0"
"P3110;1238911;100;100;100;87;0;33;100;100;100;100;100;100;100;100;100;0"
"L3116;974674;100;93;91;73;100;83;100;100;100;81;100;0;100;100;100;0"
"T3130;1114066;100;100;100;73;100;67;100;100;88;100;100;0;100;100;94;0"
"P3113;1001071;100;100;100;33;100;100;90;100;100;100;100;0;100;100;100;0"
"P3169;1020754;100;90;100;100;100;33;100;100;100;100;100;0;100;100;100;0"
"B3166;1036840;100;100;100;80;67;100;100;100;88;88;100;100;0;100;100;0"
"B3100;1115455;100;87;100;73;0;100;100;100;88;100;100;0;0;0;0;100"
"K3120;1121542;88;93;100;87;100;100;90;100;100;100;100;0;100;100;65;0"
"K3122;1114789;100;90;100;67;100;67;100;100;100;100;100;100;0;100;100;0"
"T3130;1125127;100;70;100;87;100;67;100;100;100;100;100;0;100;100;100;0"
"B5108;1120483;100;100;100;93;100;67;100;100;100;0;100;100;100;100;65;0"
"W3102;256655;100;100;100;93;0;33;100;100;100;100;100;100;100;100;100;0"
"P3102;957343;100;100;100;93;100;33;100;100;100;100;100;0;100;100;100;0"
"P3113;970921;100;100;100;93;100;33;100;100;100;100;100;100;0;100;100;0"
"P3100;1016686;100;100;100;93;100;33;100;100;100;100;100;0;100;100;100;0"
"L3130;1018021;100;93;100;100;100;33;100;100;100;100;100;0;100;100;100;0"
"U3147;1109788;100;100;100;93;0;33;100;100;100;100;100;100;100;100;100;0"
"T3130;970732;100;70;100;67;100;100;90;100;100;100;100;0;100;100;100;0"
"N3160;991963;100;80;100;80;100;67;100;100;100;100;100;100;0;100;100;0"
"P3101;1049041;100;73;100;87;100;67;100;100;100;100;100;0;100;100;100;0"
"U3175;1115869;100;87;100;73;67;100;100;100;100;100;100;0;100;100;100;0"
"R3140;971947;100;100;100;100;0;100;100;100;100;88;40;100;100;100;100;0"
"P3123;979012;100;100;100;93;100;100;100;100;100;100;100;100;0;100;35;0"
"P3123;994432;100;100;100;93;100;100;100;100;100;100;100;100;0;100;35;0"
"N3151;1019395;100;93;100;80;67;100;100;100;88;100;100;100;0;100;100;0"
"T3130;1029823;88;60;100;80;100;100;100;100;100;100;100;0;100;100;100;0"
"K3122;1034320;100;70;100;87;100;83;100;100;88;100;100;0;100;100;100;0"
"L3116;1087810;100;100;100;93;100;100;100;100;100;100;100;100;100;0;35;0"
"V3104;299981;100;50;100;80;0;100;100;100;100;100;100;100;100;100;100;0"
"T3130;972565;50;100;100;80;100;100;100;100;100;100;100;100;100;0;100;0"
"K3142;681805;100;70;96;100;100;67;100;100;100;100;100;0;100;100;100;0"
"T3115;970549;100;93;100;73;100;67;100;0;100;100;100;100;100;100;100;0"
"V3136;971827;100;60;100;73;100;100;100;100;100;100;100;100;0;100;100;0"
"R3137;994396;100;100;100;100;100;33;100;100;100;100;100;100;0;100;100;0"
"B3100;1022473;100;93;100;73;100;67;100;100;100;100;100;0;100;100;100;0"
"P3173;1119982;100;100;100;100;100;33;100;100;100;100;100;0;100;100;100;0"
"B3100;1121839;100;100;100;100;100;33;100;100;100;100;100;0;100;100;100;0"
"Z3143;1139731;100;73;100;100;100;67;100;100;100;94;100;100;0;100;100;0"
"M3135;1289297;100;100;100;67;100;67;100;100;100;100;100;100;0;100;100;0"
"P3172;386728;100;80;100;73;100;100;100;100;88;94;100;0;100;100;100;0"
"N3148;1007035;88;100;100;80;100;67;100;100;100;100;100;0;100;100;100;0"
"T3130;1015549;100;80;87;80;100;100;100;100;88;100;100;0;100;100;100;0"
"P3111;40942;100;100;100;67;100;100;100;100;88;81;100;0;100;100;100;0"
"U3176;67088;100;73;100;87;100;100;100;100;88;88;100;0;100;100;100;0"
"U3176;956905;100;70;100;100;100;67;100;100;100;100;100;0;100;100;100;0"
"U3147;965470;100;50;100;87;100;100;100;100;100;100;100;0;100;100;100;0"
"R3140;968989;88;80;100;100;100;100;100;100;88;81;100;100;100;100;0;0"
"B3100;1019956;100;93;100;60;100;100;90;100;100;100;100;100;0;100;94;0"
"P3111;822499;100;100;100;73;100;67;100;100;100;100;100;0;100;100;100;0"
"U3175;967267;100;93;100;87;100;100;0;100;100;100;60;100;100;100;100;0"
"P3100;1022698;63;90;100;93;0;100;100;100;100;100;100;100;100;100;94;0"
"K3121;1088533;100;93;87;93;100;67;100;100;100;100;100;0;100;100;100;0"
"R3136;1206589;100;100;100;73;0;67;100;100;100;100;100;100;100;100;100;0"
"N3149;945475;100;87;100;100;100;100;100;100;100;94;60;0;100;100;100;0"
"U3176;957169;100;60;100;87;0;100;100;100;100;100;100;100;100;100;94;0"
"P3113;1019881;88;80;100;73;100;100;100;100;100;100;100;100;0;100;100;0"
"L3130;1120156;100;93;100;73;100;100;100;100;100;81;100;100;0;100;94;0"
"K3122;1128541;100;100;100;80;100;67;100;100;100;94;100;100;0;100;100;0"
"N3150;981163;100;100;100;87;100;67;100;100;100;94;100;100;0;100;94;0"
"K3121;1088179;100;80;96;67;100;67;90;100;88;94;60;100;100;100;100;0"
"K3121;946579;100;90;100;93;100;100;100;100;100;100;60;0;100;100;100;0"
"P3123;1014901;100;90;100;87;100;67;100;100;100;100;100;0;100;100;100;0"
"M3135;1292729;100;90;100;87;100;67;100;100;100;100;100;100;0;100;100;0"
"N3148;971305;100;87;100;80;100;100;90;100;100;94;100;100;0;100;94;0"
"B3166;1031701;100;80;100;93;100;100;90;100;88;94;100;0;100;100;100;0"
"T3150;1013569;100;70;96;80;100;100;100;100;100;100;100;100;100;0;100;0"
"P3114;1015267;88;93;100;87;100;100;90;100;88;100;100;0;100;100;100;0"
"P3172;969217;100;60;100;93;100;100;100;100;100;94;100;0;100;100;100;0"
"V3104;971365;100;87;100;93;100;67;100;100;100;100;100;0;100;100;100;0"
"P3172;987274;100;100;100;80;100;33;100;100;88;81;100;100;100;100;65;0"
"T3115;992251;100;60;100;87;100;100;100;100;100;100;100;100;0;100;100;0"
"U3147;992947;100;100;100;80;100;67;100;100;100;100;100;0;100;100;100;0"
"N3151;1026709;100;93;100;87;67;100;100;100;100;100;100;100;0;100;100;0"
"M3134;1298917;100;100;100;80;0;67;100;100;100;100;100;100;100;100;100;0"
"T3130;361255;100;93;87;93;100;100;100;100;100;81;100;100;0;100;94;0"
"R3136;368187;100;100;100;87;100;67;100;100;100;100;100;100;0;100;94;0"
"K3121;989146;100;60;96;80;100;33;80;100;100;100;100;100;100;100;100;0"
"R3180;928552;100;100;100;73;100;33;70;100;75;100;100;100;100;100;100;0"
"K3122;957367;100;100;100;100;100;67;90;100;100;94;100;0;100;100;100;0"
"P3112;969055;100;80;100;93;100;100;90;100;88;100;100;0;100;100;100;0"
"P3121;981793;100;93;100;93;100;100;90;100;100;81;100;0;100;100;94;0"
"V3104;1010188;100;100;100;80;100;100;90;100;100;81;100;100;0;100;100;0"
"R3177;1121404;100;80;100;100;100;100;90;100;100;81;100;100;0;100;100;0"
"T3130;1113814;100;80;100;73;67;33;100;100;100;100;100;100;100;100;100;0"
"Z3143;1141444;100;70;100;93;100;100;90;100;100;100;100;100;0;100;100;0"
"P3172;358857;100;100;100;60;100;100;100;100;100;94;100;0;100;100;100;0"
"P3101;411014;100;100;100;87;100;67;100;100;100;100;100;100;100;0;100;0"
"L3116;956332;100;100;100;87;100;67;100;100;100;100;100;0;100;100;100;0"
"N3148;992137;100;100;100;87;100;67;100;100;100;100;100;100;0;100;100;0"
"U3147;1000051;100;80;91;87;100;33;100;100;100;88;0;0;0;0;100;100"
"P3169;1001395;100;100;100;87;100;67;100;100;100;100;100;0;100;100;100;0"
"K3120;993667;100;87;100;93;67;33;100;100;75;100;100;100;100;100;100;0"
"P3173;964888;100;50;100;73;100;33;100;100;100;100;100;100;100;100;100;0"
"P3111;1060957;100;100;100;80;100;100;100;100;88;88;100;100;100;0;100;0"
"P3172;972646;100;70;100;87;100;100;100;100;100;100;100;0;100;100;100;0"
"L3116;994009;100;100;100;87;100;100;90;100;100;81;100;100;100;0;100;0"
"B3166;995044;88;100;100;80;100;100;90;100;100;100;100;0;100;100;100;0"
"V3106;1035361;88;93;100;100;100;100;90;100;100;88;100;0;100;100;100;0"
"T3111;1049989;100;60;91;87;100;33;100;100;88;100;100;100;100;100;100;0"
"P3102;957178;100;100;100;93;100;67;100;100;100;100;100;0;100;100;100;0"
"U3176;957625;100;100;100;93;100;67;100;100;100;100;100;0;100;100;100;0"
"P3123;965272;100;90;100;80;100;100;90;100;100;100;100;0;100;100;100;0"
"P3101;972151;100;93;100;100;100;67;100;100;100;100;100;100;0;100;100;0"
"K3142;985096;100;100;100;93;100;67;100;100;100;100;100;0;100;100;100;0"
"V3104;1001758;100;100;100;93;100;67;100;100;100;100;100;0;100;100;100;0"
"R3137;1015939;100;93;100;100;100;67;100;100;100;100;100;0;100;100;100;0"
"P3173;1165969;100;100;100;93;100;67;100;100;100;100;100;0;100;100;100;0"
"K3122;382538;100;100;100;100;100;67;100;100;100;100;100;0;100;100;94;0"
"N3151;972649;88;80;100;93;100;100;100;100;100;100;100;0;100;100;100;0"
"V3136;974770;100;80;100;87;100;100;100;100;100;94;100;100;0;100;100;0"
"T3115;964270;100;60;100;87;33;100;90;100;100;94;100;100;100;100;100;0"
"K3121;970633;100;93;96;87;100;100;100;100;88;100;100;100;100;100;0;0"
"B3132;987577;100;93;91;80;100;100;100;100;100;100;100;0;100;100;100;0"
"W3105;1016047;100;80;96;100;100;100;100;100;100;94;100;100;100;0;94;0"
"P3169;749752;100;93;100;73;100;100;100;100;100;100;100;100;0;100;100;0"
"K3122;977770;100;100;100;33;100;33;100;100;100;100;100;100;100;100;100;0"
"Z3143;1115491;100;93;100;73;100;100;100;100;100;100;100;100;0;100;100;0"
"T3111;1138951;100;93;100;73;0;100;100;100;100;100;100;100;100;100;100;0"
"P3113;89045;100;100;100;100;100;67;100;100;100;100;100;0;100;100;100;0"
"T3150;361181;100;80;100;87;100;100;100;100;100;100;100;100;100;0;100;0"
"V3104;970138;100;100;100;87;100;100;80;100;100;100;100;100;0;100;100;0"
"N3160;1154575;100;100;100;67;100;100;100;100;100;100;100;100;0;100;100;0"
"P3172;178884;100;100;100;93;100;100;100;100;100;75;100;100;0;100;100;0"
"P3102;968644;75;93;100;100;100;100;100;100;100;100;100;100;0;100;100;0"
"B3100;983884;88;93;100;87;100;100;100;100;100;100;100;100;0;100;100;0"
"P3123;986686;100;100;100;87;100;100;100;100;100;81;100;100;0;100;100;0"
"P3100;1087114;100;100;100;80;33;67;100;100;88;100;100;100;100;100;100;0"
"T3115;986800;100;87;83;67;100;33;100;100;100;100;100;100;100;100;100;0"
"M3134;1137196;100;90;100;80;100;100;100;100;100;100;100;0;100;100;100;0"
"V3136;1147726;100;80;96;100;100;100;100;100;100;94;100;100;0;100;100;0"
"T3150;952147;100;67;87;93;100;67;100;100;75;88;100;100;100;100;94;0"
"Z3143;986692;100;87;100;100;67;33;90;100;100;94;100;100;100;100;100;0"
"W3105;997882;100;80;100;100;100;33;70;100;88;100;100;100;100;100;100;0"
"U3148;1113841;100;100;100;93;100;33;70;100;88;88;100;100;100;100;100;0"
"R3180;944068;100;80;100;60;100;33;100;100;100;100;100;100;100;100;100;0"
"K3140;1017292;100;80;100;93;100;0;100;100;100;100;100;100;100;100;100;0"
"U3147;1044703;100;100;100;40;100;33;100;100;100;100;100;100;100;100;100;0"
"L3130;1138200;100;100;100;73;100;100;100;100;100;100;100;0;100;100;100;0"
"K3122;869194;100;87;100;87;100;100;100;100;100;100;100;100;0;100;100;0"
"K3120;1001077;100;100;100;80;67;67;100;100;100;100;60;100;100;100;100;0"
"L3130;1137049;88;100;100;87;100;100;100;100;100;100;100;0;100;100;100;0"
"P3111;971263;100;70;100;73;100;33;100;100;100;100;100;100;100;100;100;0"
"U3175;969463;100;90;100;93;100;100;100;100;100;94;100;100;0;100;100;0"
"V3106;971752;100;100;96;87;100;100;100;100;100;100;100;0;100;100;94;0"
"P3123;983569;100;90;100;87;100;100;100;100;100;100;100;0;100;100;100;0"
"P3112;983902;100;100;100;87;100;100;90;100;100;100;100;0;100;100;100;0"
"R3130;1057555;100;100;100;87;100;100;90;100;100;100;100;0;100;100;100;0"
"U3147;868285;100;70;100;87;100;33;100;100;100;94;100;100;100;100;94;0"
"N3152;1018045;88;90;100;100;100;100;100;100;100;100;100;0;100;100;100;0"
"V3106;1040422;100;70;100;87;100;33;100;100;100;88;100;100;100;100;100;0"
"N3151;969001;100;100;100;80;100;100;100;100;100;0;100;100;100;100;100;0"
"N3148;970978;100;100;100;67;100;33;80;100;100;100;100;100;100;100;100;0"
"K3141;972625;100;100;100;80;100;100;100;100;100;100;100;100;100;100;0;0"
"K3142;988903;100;100;100;80;100;0;100;100;100;100;100;100;100;100;100;0"
"P3122;989218;88;70;100;100;67;67;100;100;88;100;100;100;100;100;100;0"
"T3115;991417;100;100;100;80;100;100;100;100;100;100;100;100;100;0;100;0"
"R3130;992380;100;93;100;87;100;100;100;100;100;100;100;0;100;100;100;0"
"P3123;1001305;100;100;100;80;100;100;100;100;100;100;100;0;100;100;100;0"
"N3152;1079149;100;87;100;93;100;0;100;100;100;100;100;100;100;100;100;0"
"P3114;1121950;100;100;100;80;100;100;100;100;100;100;100;0;100;100;100;0"
"N3148;970339;100;100;100;87;100;100;100;100;100;94;100;100;0;100;100;0"
"R3180;1117129;100;100;100;93;100;100;100;100;88;100;100;0;100;100;100;0"
"P3112;1177609;100;100;100;93;100;100;100;100;88;100;100;0;100;100;100;0"
"K3143;1119910;100;100;100;80;0;33;100;100;100;0;0;0;100;100;94;100"
"U3147;1094293;100;93;100;100;100;100;90;100;100;100;100;0;100;100;100;0"
"R3180;975355;100;100;96;100;100;100;100;100;100;94;100;100;0;100;94;0"
"U3177;991765;100;90;100;100;100;100;100;100;100;94;100;100;100;0;100;0"
"P3121;981154;100;87;100;87;100;100;80;90;88;88;100;100;100;100;65;0"
"P3112;1138299;100;60;100;93;100;33;100;100;100;100;100;100;100;100;100;0"
"P3169;391229;100;100;100;87;100;100;100;100;100;100;100;0;100;100;100;0"
"P3173;964891;100;100;100;87;67;33;100;100;100;100;100;100;100;100;100;0"
"P3112;970447;100;100;100;87;100;100;100;100;100;0;100;100;100;100;100;0"
"P3113;970678;100;100;100;87;100;100;100;100;100;100;100;100;0;100;100;0"
"P3100;994762;100;100;100;87;100;100;100;100;100;100;100;100;0;100;100;0"
"B3166;1018741;100;100;100;87;100;100;100;100;100;100;100;100;0;100;100;0"
"R3145;1079179;100;100;100;93;100;100;100;100;100;94;100;100;0;100;100;0"
"K3143;1080958;100;100;100;100;100;100;100;100;88;100;100;0;100;100;100;0"
"Z3143;1134430;100;73;96;87;100;33;100;100;100;100;100;100;100;100;100;0"
"U3177;969607;100;90;100;100;100;100;100;100;100;100;100;100;0;100;100;0"
"K3120;420124;100;100;100;93;100;100;100;100;100;100;100;100;0;100;100;0"
"K3122;935743;100;93;100;100;100;100;100;100;100;100;100;100;100;100;0;0"
"N3160;968899;100;60;100;100;100;33;100;100;100;100;100;100;100;100;100;0"
"P3172;971539;100;100;100;93;100;100;100;100;100;100;100;0;100;100;100;0"
"N3160;1045228;100;100;100;93;100;100;100;100;100;100;100;100;100;100;0;0"
"V3106;1129672;100;100;100;93;100;100;100;100;100;100;100;0;100;100;100;0"
"L3130;1132390;100;100;100;93;100;100;100;100;100;100;100;0;100;100;100;0"
"K3141;1148218;100;100;100;93;100;100;100;100;100;100;100;0;100;100;100;0"
"P3111;1200178;100;100;100;93;100;100;100;100;100;100;0;100;100;100;100;0"
"K3120;1299191;100;100;100;93;0;100;100;100;100;100;100;100;100;100;100;0"
"R3137;369098;100;100;100;100;100;100;100;100;100;94;100;100;0;100;100;0"
"P3121;936442;100;100;100;100;100;100;100;100;100;94;100;100;0;100;100;0"
"N3147;1136761;100;100;100;100;100;100;100;100;100;100;100;100;0;100;94;0"
"U3175;952471;88;100;100;100;100;67;100;100;100;100;40;100;100;100;100;0"
"R3130;1089697;100;100;87;87;100;67;100;100;100;94;60;100;100;100;100;0"
"T3115;955069;100;100;96;67;100;33;100;100;100;100;100;100;100;100;100;0"
"P3121;944368;100;87;100;87;100;33;90;100;100;100;100;100;100;100;100;0"
"U3147;958681;100;100;100;73;100;67;70;100;100;88;100;100;100;100;100;0"
"U3175;966922;50;100;100;87;100;67;100;100;100;94;100;100;100;100;100;0"
"K3140;970885;100;80;96;73;100;67;100;100;88;94;100;100;100;100;100;0"
"B3166;631177;100;80;100;87;100;33;100;100;100;100;100;100;100;100;100;0"
"P3101;983749;100;100;100;100;100;100;100;100;100;100;100;0;100;100;100;0"
"N3148;983803;100;100;100;0;100;100;100;100;100;100;100;100;100;100;100;0"
"P3122;986332;100;100;100;100;100;100;100;100;100;100;100;100;100;0;100;0"
"P3110;994174;100;50;96;60;100;100;100;100;100;94;100;100;100;100;100;0"
"U3147;1121905;100;100;100;100;100;100;100;100;100;100;100;100;0;100;100;0"
"P3170;1257427;100;100;100;100;100;100;100;100;100;100;100;100;0;100;100;0"
"N3151;1117156;100;60;100;73;100;100;70;100;100;100;100;100;100;100;100;0"
"M3132;1020175;100;80;78;80;100;100;90;100;88;88;100;100;100;100;100;0"
"T3150;972166;100;93;100;80;100;67;90;100;75;100;100;100;100;100;100;0"
"N3149;1000534;100;90;100;80;100;100;100;100;100;100;100;100;100;100;35;0"
"W3105;1083619;100;80;91;67;100;67;100;100;100;100;100;100;100;100;100;0"
"P3101;845092;100;100;100;73;100;33;100;100;100;100;100;100;100;100;100;0"
"T3111;366334;63;93;91;93;100;67;100;100;100;100;100;100;100;100;100;0"
"U3176;956245;100;93;100;93;100;33;100;100;88;100;100;100;100;100;100;0"
"P3173;500349;100;100;100;73;100;67;80;100;100;94;100;100;100;100;94;0"
"B3166;1016482;100;100;100;87;100;33;100;100;100;88;100;100;100;100;100;0"
"N3152;1025623;88;100;100;93;100;33;100;100;100;94;100;100;100;100;100;0"
"M3135;1293795;100;93;100;60;100;67;100;100;88;100;100;100;100;100;100;0"
"P3101;979345;100;93;100;93;100;33;90;100;100;100;100;100;100;100;100;0"
"V3136;1047241;75;100;100;87;100;67;100;100;88;94;100;100;100;100;100;0"
"N3147;397323;100;90;100;87;100;100;100;100;100;100;100;100;100;100;35;0"
"L3116;968320;100;60;65;93;100;100;100;100;100;94;100;100;100;100;100;0"
"Z3143;252807;100;80;100;100;100;33;100;100;100;100;100;100;100;100;100;0"
"V3136;968578;100;93;100;87;100;33;100;100;100;100;100;100;100;100;100;0"
"N3152;984952;100;87;100;93;100;33;100;100;100;100;100;100;100;100;100;0"
"L3116;1176343;100;93;100;93;100;67;100;100;100;100;60;100;100;100;100;0"
"R3135;1120306;100;100;100;47;100;67;100;100;100;100;100;100;100;100;100;0"
"W3102;1134439;88;100;100;93;100;33;100;100;100;100;100;100;100;100;100;0"
"N3147;972841;100;87;100;93;100;100;100;100;100;100;100;100;100;100;35;0"
"W3105;997654;100;80;100;80;100;67;100;100;88;100;100;100;100;100;100;0"
"P3111;346967;100;90;100;93;100;33;100;100;100;100;100;100;100;100;100;0"
"U3175;952663;100;93;100;80;100;67;100;95;100;88;100;100;100;100;94;0"
"V3104;973168;100;90;100;67;100;100;100;100;100;100;60;100;100;100;100;0"
"K3122;979783;100;40;100;93;100;100;90;100;100;94;100;100;100;100;100;0"
"P3114;999535;100;60;100;87;100;100;70;100;100;100;100;100;100;100;100;0"
"P3122;1013593;100;60;100;67;100;100;90;100;100;100;100;100;100;100;100;0"
"B3100;1119037;100;80;91;80;100;100;90;100;88;88;100;100;100;100;100;0"
"K3142;260381;100;70;100;87;100;67;100;100;100;94;100;100;100;100;100;0"
"U3175;952027;100;90;100;73;100;67;100;100;100;88;100;100;100;100;100;0"
"R3180;1078684;100;70;100;93;100;67;100;100;100;88;100;100;100;100;100;0"
"R3181;401501;100;70;100;80;100;100;100;100;88;81;100;100;100;100;100;0"
"U3175;965119;100;100;100;87;100;33;100;100;100;100;100;100;100;100;100;0"
"K3141;1090492;100;100;100;80;100;100;100;100;100;100;40;100;100;100;100;0"
"T3150;179376;100;100;100;100;100;33;100;100;88;100;100;100;100;100;100;0"
"U3175;973216;88;87;100;80;100;100;90;100;88;94;100;100;100;100;94;0"
"P3172;979795;100;60;100;67;100;100;100;100;100;94;100;100;100;100;100;0"
"B3166;1128190;100;100;100;100;100;33;100;100;100;88;100;100;100;100;100;0"
"N3149;971875;88;100;100;67;100;67;100;100;100;100;100;100;100;100;100;0"
"T3150;1120243;100;80;100;87;100;67;100;100;100;94;100;100;100;100;94;0"
"P3110;968905;100;90;100;100;100;33;100;100;100;100;100;100;100;100;100;0"
"M3136;1251669;100;90;96;93;100;100;90;100;100;94;60;100;100;100;100;0"
"B3100;1047232;100;90;100;67;100;67;100;100;100;100;100;100;100;100;100;0"
"N3147;1128010;100;70;100;87;100;67;100;100;100;100;100;100;100;100;100;0"
"U3177;365404;50;100;100;87;100;100;100;100;100;88;100;100;100;100;100;0"
"N3151;527405;100;70;100;73;0;33;80;100;100;94;0;100;100;0;100;100"
"K3140;938881;100;90;100;80;100;67;100;100;88;100;100;100;100;100;100;0"
"P3173;969295;100;100;100;93;100;33;100;100;100;100;100;100;100;100;100;0"
"B3100;983059;100;70;100;73;100;83;100;100;100;100;100;100;100;100;100;0"
"K3120;1117132;100;100;100;93;100;33;100;100;100;100;100;100;100;100;100;0"
"R3180;1119895;100;100;100;93;100;33;100;100;100;100;100;100;100;100;100;0"
"P3110;1169113;100;70;100;87;100;100;100;100;75;94;100;100;100;100;100;0"
"P3100;957166;100;100;100;60;100;67;100;100;100;100;100;100;100;100;100;0"
"N3152;984994;100;80;100;80;100;67;100;100;100;100;100;100;100;100;100;0"
"R3180;1021276;100;100;100;93;67;67;100;100;100;100;100;100;100;100;100;0"
"R3136;1110070;100;80;100;80;100;67;100;100;100;100;100;100;100;100;100;0"
"N3151;1133719;100;100;100;100;100;33;100;100;100;100;100;100;100;100;94;0"
"R3135;1087402;100;60;100;80;100;100;100;100;88;100;100;100;100;100;100;0"
"P3122;829932;100;100;100;73;100;67;90;100;100;100;100;100;100;100;100;0"
"R3135;1054498;100;87;100;67;100;100;90;100;88;100;100;100;100;100;100;0"
"P3121;919162;100;60;100;73;100;100;100;100;100;100;100;100;100;100;100;0"
"R3135;921196;100;100;100;93;100;100;100;100;100;100;40;100;100;100;100;0"
"P3112;935710;63;93;100;93;100;100;90;100;100;94;100;100;100;100;100;0"
"K3143;1022620;100;93;96;60;100;100;90;100;100;94;100;100;100;100;100;0"
"R3135;1116754;100;100;100;100;100;33;100;100;100;100;100;100;100;100;100;0"
"P3100;1023508;100;80;100;87;100;67;100;100;100;100;100;100;100;100;100;0"
"Z3143;1147036;100;87;100;80;100;67;100;100;100;100;100;100;100;100;100;0"
"K3140;984121;100;93;96;80;100;100;90;100;88;88;100;100;100;100;100;0"
"P3173;1028023;100;100;100;80;100;67;100;100;88;100;100;100;100;100;100;0"
"P3111;1083586;100;90;100;80;100;100;100;100;100;100;100;100;100;100;65;0"
"L3130;1101325;88;60;100;87;100;100;100;100;100;100;100;100;100;100;100;0"
"R3136;971905;75;100;100;73;100;100;100;100;88;100;100;100;100;100;100;0"
"U3147;1122526;100;100;100;93;67;100;100;100;88;88;100;100;100;100;100;0"
"P3111;1298807;100;100;100;93;100;67;100;100;88;94;100;100;100;100;94;0"
"N3147;972913;100;50;100;87;100;100;100;100;100;100;100;100;100;100;100;0"
"K3122;977623;100;90;100;80;100;67;100;100;100;100;100;100;100;100;100;0"
"N3149;1116103;100;70;100;67;100;100;100;100;100;100;100;100;100;100;100;0"
"K3122;1121173;100;100;100;73;100;100;100;100;100;94;100;100;100;100;71;0"
"N3150;964261;100;70;96;73;100;100;100;100;100;100;100;100;100;100;100;0"
"R3137;973189;100;93;96;87;100;100;100;100;100;63;100;100;100;100;100;0"
"R3130;972697;100;100;100;73;100;67;100;100;100;100;100;100;100;100;100;0"
"B3100;987007;100;60;100;80;100;100;100;100;100;100;100;100;100;100;100;0"
"R3136;987460;100;60;100;80;100;100;100;100;100;100;100;100;100;100;100;0"
"P3122;983476;100;70;100;73;100;100;100;100;100;100;100;100;100;100;100;0"
"T3115;968539;100;93;87;80;100;100;90;100;100;94;100;100;100;100;100;0"
"M3136;987538;100;87;100;73;100;100;90;100;100;94;100;100;100;100;100;0"
"P3170;993340;88;100;100;80;100;100;100;100;88;88;100;100;100;100;100;0"
"R3177;994780;100;100;100;93;100;67;90;100;100;94;100;100;100;100;100;0"
"N3149;303686;88;90;100;100;100;67;100;100;100;100;100;100;100;100;100;0"
"U3175;951991;100;60;96;100;100;100;90;100;100;100;100;100;100;100;100;0"
"K3121;995041;100;90;100;73;100;83;100;100;100;100;100;100;100;100;100;0"
"K3141;983176;100;93;100;87;100;67;100;100;100;100;100;100;100;100;100;0"
"T3130;994582;100;80;100;67;100;100;100;100;100;100;100;100;100;100;100;0"
"W3160;1219804;100;93;100;87;100;67;100;100;100;100;100;100;100;100;100;0"
"U3148;1231673;100;100;100;80;100;67;100;100;100;100;100;100;100;100;100;0"
"P3102;957442;100;100;100;100;100;100;100;100;100;88;60;100;100;100;100;0"
"P3173;970777;100;100;100;93;100;67;100;100;88;100;100;100;100;100;100;0"
"V3104;988756;100;93;100;87;100;100;80;100;88;100;100;100;100;100;100;0"
"N3149;976519;100;93;100;87;100;100;100;100;88;81;100;100;100;100;100;0"
"K3122;31499;100;80;100;93;100;100;90;100;100;88;100;100;100;100;100;0"
"K3142;394802;100;90;100;67;100;100;100;100;100;100;100;100;100;100;94;0"
"U3147;971998;100;70;100;87;100;100;100;100;100;94;100;100;100;100;100;0"
"P3123;985087;100;90;96;87;100;100;90;100;100;88;100;100;100;100;100;0"
"K3141;246638;100;100;100;87;100;100;100;100;100;100;100;100;100;100;65;0"
"P3122;986977;100;60;100;93;100;100;100;100;100;100;100;100;100;100;100;0"
"U3175;970462;100;87;100;67;100;100;100;100;100;100;100;100;100;100;100;0"
"K3142;984313;100;100;100;93;100;67;100;100;100;94;100;100;100;100;100;0"
"N3151;1015333;100;100;100;87;100;67;100;100;100;100;100;100;100;100;100;0"
"K3121;1030909;100;87;100;67;100;100;100;100;100;100;100;100;100;100;100;0"
"U3148;1051792;100;100;100;87;100;67;100;100;100;100;100;100;100;100;100;0"
"M3136;1082953;100;60;100;100;100;100;100;100;100;94;100;100;100;100;100;0"
"P3100;1119976;100;100;100;87;100;67;100;100;100;100;100;100;100;100;100;0"
"U3177;964945;100;100;100;87;100;100;80;100;100;88;100;100;100;100;100;0"
"L3116;1033792;100;80;100;87;100;100;100;100;88;100;100;100;100;100;100;0"
"B5108;1138116;88;100;100;80;100;100;100;100;100;88;100;100;100;100;100;0"
"R3137;897178;100;90;100;100;100;67;100;100;100;100;100;100;100;100;100;0"
"L3130;980950;100;70;100;87;100;100;100;100;100;100;100;100;100;100;100;0"
"V3104;1076008;100;70;100;87;100;100;100;100;100;100;100;100;100;100;100;0"
"K3122;1152952;100;70;100;93;100;100;100;100;100;100;100;100;100;100;94;0"
"P3122;1014316;100;90;100;80;100;100;100;100;88;100;100;100;100;100;100;0"
"N3147;226164;100;93;91;93;100;100;100;100;88;94;100;100;100;100;100;0"
"U3148;923098;100;70;96;93;100;100;100;100;100;100;100;100;100;100;100;0"
"P3111;968224;100;90;100;87;100;100;100;100;88;94;100;100;100;100;100;0"
"R3137;1129324;100;90;96;73;100;100;100;100;100;100;100;100;100;100;100;0"
"P3101;970135;100;100;100;93;100;67;100;100;100;100;100;100;100;100;100;0"
"P3110;970882;100;80;100;80;100;100;100;100;100;100;100;100;100;100;100;0"
"K3141;1046257;100;93;100;100;100;67;100;100;100;100;100;100;100;100;100;0"
"P3113;1090615;100;100;100;93;100;67;100;100;100;100;100;100;100;100;100;0"
"R3180;1111015;100;80;100;80;100;100;100;100;100;100;100;100;100;100;100;0"
"V3106;1122478;100;93;100;100;100;67;100;100;100;100;100;100;100;100;100;0"
"R3137;1122649;100;100;100;93;100;67;100;100;100;100;100;100;100;100;100;0"
"Z3143;1127665;100;80;100;80;100;100;100;100;100;100;100;100;100;100;100;0"
"U3177;952381;100;100;100;73;100;100;100;100;100;100;100;100;100;100;88;0"
"K3142;988450;88;73;100;100;100;100;100;100;100;100;100;100;100;100;100;0"
"P3114;999274;100;100;100;87;100;100;80;100;100;94;100;100;100;100;100;0"
"U3175;1020295;100;90;100;93;100;100;90;100;100;88;100;100;100;100;100;0"
"K3120;1087180;100;80;100;93;100;100;100;100;100;94;100;100;100;100;94;0"
"U3148;1121722;100;87;100;87;100;100;100;100;100;88;100;100;100;100;100;0"
"P3111;973921;100;70;100;93;100;100;100;100;100;100;100;100;100;100;100;0"
"U3176;921559;100;87;100;100;100;100;90;100;100;94;100;100;100;100;94;0"
"N3149;971269;100;90;100;87;100;100;100;100;88;100;100;100;100;100;100;0"
"K3140;1120267;100;100;100;100;100;100;100;100;100;100;100;100;100;100;65;0"
"P3121;934831;100;80;96;100;100;100;90;100;100;100;100;100;100;100;100;0"
"R3145;975436;100;93;100;73;100;100;100;100;100;100;100;100;100;100;100;0"
"P3101;957967;100;100;100;100;100;67;100;100;100;100;100;100;100;100;100;0"
"N3147;970045;100;100;100;100;100;67;100;100;100;100;100;100;100;100;100;0"
"B3166;973036;100;100;100;73;100;100;100;100;100;100;100;100;100;100;94;0"
"N3149;973306;100;93;100;80;100;100;100;100;100;94;100;100;100;100;100;0"
"P3101;974539;100;100;100;100;100;67;100;100;100;100;100;100;100;100;100;0"
"M3134;984766;100;100;96;93;100;100;90;100;88;100;100;100;100;100;100;0"
"L3116;1001677;100;80;100;87;100;100;100;100;100;100;100;100;100;100;100;0"
"P3112;1018210;100;87;100;80;100;100;100;100;100;100;100;100;100;100;100;0"
"P3172;1021885;100;100;100;100;100;67;100;100;100;100;100;100;100;100;100;0"
"B3100;1035100;100;93;100;80;100;100;100;100;100;100;100;100;100;100;94;0"
"R3136;1110049;100;87;91;93;0;33;100;100;88;100;100;0;0;100;100;100"
"U3148;1120339;100;100;100;73;100;100;100;100;100;94;100;100;100;100;100;0"
"M3136;1121671;100;80;100;87;100;100;100;100;100;100;100;100;100;100;100;0"
"P3121;921253;100;100;100;80;100;100;100;100;100;88;100;100;100;100;100;0"
"P3102;974722;88;100;100;80;100;100;100;100;100;100;100;100;100;100;100;0"
"K3121;975232;100;93;91;100;100;100;90;100;100;100;100;100;100;100;94;0"
"M3137;1017496;100;100;100;80;100;100;100;100;100;100;100;100;100;100;88;0"
"R3136;1108543;88;100;100;80;100;100;100;100;100;100;100;100;100;100;100;0"
"P3110;1188511;100;100;100;80;100;100;100;100;88;100;100;100;100;100;100;0"
"P3121;936739;100;100;100;80;100;100;90;100;100;100;100;100;100;100;100;0"
"K3141;972406;100;100;100;87;100;83;100;100;100;100;100;100;100;100;100;0"
"P3114;1028455;100;70;100;100;100;100;100;100;100;100;100;100;100;100;100;0"
"R3136;1033963;100;90;100;80;100;100;100;100;100;100;100;100;100;100;100;0"
"L3130;691549;100;100;100;87;100;100;90;100;100;94;100;100;100;100;100;0"
"U3147;956797;100;93;100;100;100;100;90;100;88;100;100;100;100;100;100;0"
"P3112;970684;100;100;100;100;100;100;90;100;88;94;100;100;100;100;100;0"
"N3147;732751;100;100;100;73;100;100;100;100;100;100;100;100;100;100;100;0"
"P3114;936235;100;100;100;73;100;100;100;100;100;100;100;100;100;100;100;0"
"P3122;1012240;100;93;100;80;100;100;100;100;100;100;100;100;100;100;100;0"
"P3123;1014862;100;93;100;80;100;100;100;100;100;100;100;100;100;100;100;0"
"W3105;1033108;100;100;100;73;100;100;100;100;100;100;100;100;100;100;100;0"
"B3166;1109830;100;100;100;73;100;100;100;100;100;100;100;100;100;100;100;0"
"B3100;1115431;100;93;100;80;100;100;100;100;100;100;100;100;100;100;100;0"
"P3114;1121245;100;100;100;73;100;100;100;100;100;100;100;100;100;100;100;0"
"N3149;3021;100;80;100;100;100;100;100;100;100;94;100;100;100;100;100;0"
"B3166;934648;100;93;100;93;100;100;100;100;100;94;100;100;100;100;94;0"
"N3148;949507;100;100;100;80;100;100;100;100;100;94;100;100;100;100;100;0"
"U3177;951766;100;87;100;93;100;100;100;100;100;94;100;100;100;100;100;0"
"U3177;952327;100;100;100;80;100;100;100;100;100;94;100;100;100;100;100;0"
"U3176;957130;100;93;100;87;100;100;100;100;100;94;100;100;100;100;100;0"
"N3148;987208;100;100;100;80;100;100;100;100;100;100;100;100;100;100;94;0"
"U3148;1120018;100;87;100;87;100;100;100;100;100;100;100;100;100;100;100;0"
"U3177;955441;100;100;100;87;100;100;100;100;100;88;100;100;100;100;100;0"
"P3110;967615;88;100;100;87;100;100;100;100;100;100;100;100;100;100;100;0"
"V3136;1140670;88;100;100;87;100;100;100;100;100;100;100;100;100;100;100;0"
"M3132;814933;100;80;96;100;100;100;100;100;100;100;100;100;100;100;100;0"
"P3100;959584;100;93;100;93;100;100;90;100;100;100;100;100;100;100;100;0"
"N3148;1012489;100;100;100;93;100;83;100;100;100;100;100;100;100;100;100;0"
"P3121;976789;100;100;100;93;100;100;90;100;100;94;100;100;100;100;100;0"
"L3116;1124551;100;90;100;87;100;100;100;100;100;100;100;100;100;100;100;0"
"P3123;955315;100;93;100;87;100;100;100;100;100;100;100;100;100;100;100;0"
"U3175;966733;100;87;100;93;100;100;100;100;100;100;100;100;100;100;100;0"
"P3102;967237;100;100;100;80;100;100;100;100;100;100;100;100;100;100;100;0"
"B3132;970618;100;100;100;80;100;100;100;100;100;100;100;100;100;100;100;0"
"T3130;970897;100;80;100;100;100;100;100;100;100;100;100;100;100;100;100;0"
"L3116;970939;100;80;100;100;100;100;100;100;100;100;100;100;100;100;100;0"
"N3151;972535;100;100;100;80;100;100;100;100;100;100;100;100;100;100;100;0"
"P3121;976897;100;100;100;80;100;100;100;100;100;100;100;100;100;100;100;0"
"N3149;976903;100;93;100;87;100;100;100;100;100;100;100;100;100;100;100;0"
"R3137;977620;100;100;100;80;100;100;100;100;100;100;100;100;100;100;100;0"
"N3148;980980;100;100;100;80;100;100;100;100;100;100;100;100;100;100;100;0"
"N3151;997906;100;100;100;80;100;100;100;100;100;100;100;100;100;100;100;0"
"P3123;1014856;100;100;100;80;100;100;100;100;100;100;100;100;100;100;100;0"
"R3145;1021006;100;100;100;100;100;100;80;100;100;100;100;100;100;100;100;0"
"K3120;1040092;100;100;100;80;100;100;100;100;100;100;100;100;100;100;100;0"
"K3142;1119292;100;93;100;93;100;100;100;100;100;100;100;100;100;100;94;0"
"M3136;1287783;100;93;100;87;100;100;100;100;100;100;100;100;100;100;100;0"
"N3149;817708;100;100;100;87;100;100;100;100;100;94;100;100;100;100;100;0"
"P3122;1000690;88;100;100;93;100;100;100;100;100;100;100;100;100;100;100;0"
"P3100;1019074;88;100;100;93;100;100;100;100;100;100;100;100;100;100;100;0"
"M3134;1110106;88;100;100;93;100;100;100;100;100;100;100;100;100;100;100;0"
"N3147;1110136;100;100;100;93;100;100;100;100;88;100;100;100;100;100;100;0"
"K3121;1120615;100;100;100;87;100;100;100;100;100;100;100;100;100;100;94;0"
"L3116;972481;100;93;96;93;100;100;100;100;100;100;100;100;100;100;100;0"
"K3141;415684;100;100;100;93;100;100;90;100;100;100;100;100;100;100;100;0"
"P3170;973003;100;90;100;93;100;100;100;100;100;100;100;100;100;100;100;0"
"V3136;975649;100;90;100;93;100;100;100;100;100;100;100;100;100;100;100;0"
"P3123;986638;100;90;100;93;100;100;100;100;100;100;100;100;100;100;100;0"
"N3147;1062001;100;90;100;93;100;100;100;100;100;100;100;100;100;100;100;0"
"P3170;1265309;100;90;100;93;100;100;100;100;100;100;100;100;100;100;100;0"
"N3147;958354;100;100;100;100;100;100;90;100;100;94;100;100;100;100;100;0"
"R3180;953203;100;93;100;93;100;100;100;100;100;100;100;100;100;100;100;0"
"U3148;954115;100;100;100;87;100;100;100;100;100;100;100;100;100;100;100;0"
"K3142;970540;100;100;100;87;100;100;100;100;100;100;100;100;100;100;100;0"
"W3105;971275;100;100;100;87;100;100;100;100;100;100;100;100;100;100;100;0"
"P3100;971503;100;100;100;87;100;100;100;100;100;100;100;100;100;100;100;0"
"R3180;971716;100;100;100;87;100;100;100;100;100;100;100;100;100;100;100;0"
"P3113;972919;100;100;100;87;100;100;100;100;100;100;100;100;100;100;100;0"
"N3148;973159;100;100;100;87;100;100;100;100;100;100;100;100;100;100;100;0"
"P3122;978937;100;100;100;87;100;100;100;100;100;100;100;100;100;100;100;0"
"N3160;979219;100;100;100;87;100;100;100;100;100;100;100;100;100;100;100;0"
"K3121;981574;100;100;100;87;100;100;100;100;100;100;100;100;100;100;100;0"
"P3122;984967;100;100;100;87;100;100;100;100;100;100;100;100;100;100;100;0"
"N3147;987583;100;100;100;87;100;100;100;100;100;100;100;100;100;100;100;0"
"N3148;995167;100;100;100;87;100;100;100;100;100;100;100;100;100;100;100;0"
"B3166;1004146;100;100;100;87;100;100;100;100;100;100;100;100;100;100;100;0"
"P3114;1022290;100;100;100;87;100;100;100;100;100;100;100;100;100;100;100;0"
"B3166;1023499;100;100;100;87;100;100;100;100;100;100;100;100;100;100;100;0"
"P3101;1030579;100;100;100;87;100;100;100;100;100;100;100;100;100;100;100;0"
"R3140;1064755;100;100;100;87;100;100;100;100;100;100;100;100;100;100;100;0"
"R3140;1080181;100;100;100;87;100;100;100;100;100;100;100;100;100;100;100;0"
"Z3143;1109776;100;100;100;87;100;100;100;100;100;100;100;100;100;100;100;0"
"B3166;1109878;100;100;100;87;100;100;100;100;100;100;100;100;100;100;100;0"
"R3145;1121065;100;100;100;87;100;100;100;100;100;100;100;100;100;100;100;0"
"K3141;1121398;100;100;100;87;100;100;100;100;100;100;100;100;100;100;100;0"
"K3120;1127920;100;100;100;87;100;100;100;100;100;100;100;100;100;100;100;0"
"P3170;1198414;100;100;100;87;100;100;100;100;100;100;100;100;100;100;100;0"
"M3134;1278733;100;100;100;93;100;100;100;100;100;100;100;100;100;100;94;0"
"P3100;1284329;100;100;100;87;100;100;100;100;100;100;100;100;100;100;100;0"
"P3121;912277;100;100;100;100;100;100;100;100;88;100;100;100;100;100;100;0"
"R3137;273831;100;100;100;100;100;100;90;100;100;100;100;100;100;100;100;0"
"P3110;999490;100;90;100;100;100;100;100;100;100;100;100;100;100;100;100;0"
"K3140;1012567;100;100;100;100;100;100;90;100;100;100;100;100;100;100;100;0"
"B3100;1119013;100;90;100;100;100;100;100;100;100;100;100;100;100;100;100;0"
"V3136;957634;100;73;74;87;0;33;70;100;100;81;100;100;0;100;100;100"
"P3122;926959;100;100;100;93;100;100;100;100;100;100;100;100;100;100;100;0"
"U3176;952399;100;100;100;93;100;100;100;100;100;100;100;100;100;100;100;0"
"N3151;952618;100;100;100;93;100;100;100;100;100;100;100;100;100;100;100;0"
"P3100;957094;100;100;100;93;100;100;100;100;100;100;100;100;100;100;100;0"
"N3150;963556;100;100;100;93;100;100;100;100;100;100;100;100;100;100;100;0"
"K3121;971356;100;100;100;93;100;100;100;100;100;100;100;100;100;100;100;0"
"B3166;971614;100;100;100;93;100;100;100;100;100;100;100;100;100;100;100;0"
"R3137;972043;100;100;100;93;100;100;100;100;100;100;100;100;100;100;100;0"
"N3150;972835;100;100;100;93;100;100;100;100;100;100;100;100;100;100;100;0"
"P3122;973582;100;100;100;93;100;100;100;100;100;100;100;100;100;100;100;0"
"P3100;975418;100;100;100;93;100;100;100;100;100;100;100;100;100;100;100;0"
"N3150;992563;100;100;100;93;100;100;100;100;100;100;100;100;100;100;100;0"
"P3114;1001695;100;100;100;93;100;100;100;100;100;100;100;100;100;100;100;0"
"P3114;1001728;100;100;100;93;100;100;100;100;100;100;100;100;100;100;100;0"
"K3143;1014052;100;100;100;93;100;100;100;100;100;100;100;100;100;100;100;0"
"N3149;1016962;100;93;100;100;100;100;100;100;100;100;100;100;100;100;100;0"
"P3110;1017721;100;100;100;93;100;100;100;100;100;100;100;100;100;100;100;0"
"P3113;1023022;100;100;100;93;100;100;100;100;100;100;100;100;100;100;100;0"
"B3166;1034731;100;100;100;93;100;100;100;100;100;100;100;100;100;100;100;0"
"N3151;1084198;100;100;100;93;100;100;100;100;100;100;100;100;100;100;100;0"
"P3110;1090099;100;100;100;93;100;100;100;100;100;100;100;100;100;100;100;0"
"R3137;1108582;100;100;100;93;100;100;100;100;100;100;100;100;100;100;100;0"
"P3110;1116919;100;100;100;93;100;100;100;100;100;100;100;100;100;100;100;0"
"R3135;1183012;100;100;100;93;100;100;100;100;100;100;100;100;100;100;100;0"
"K3122;1188283;100;93;100;100;100;100;100;100;100;100;100;100;100;100;100;0"
"B3132;987349;100;100;100;100;100;100;100;100;100;100;100;100;100;100;94;0"
"P3114;1136896;100;100;100;100;100;100;100;100;100;100;100;100;100;100;94;0"
"Z3143;934450;100;100;100;100;100;100;100;100;100;100;100;100;100;100;100;0"
"P3102;946603;100;100;100;100;100;100;100;100;100;100;100;100;100;100;100;0"
"N3150;960307;100;100;100;100;100;100;100;100;100;100;100;100;100;100;100;0"
"N3150;968182;100;100;100;100;100;100;100;100;100;100;100;100;100;100;100;0"
"N3150;981100;100;100;100;100;100;100;100;100;100;100;100;100;100;100;100;0"
"K3141;983206;100;100;100;100;100;100;100;100;100;100;100;100;100;100;100;0"
"M3135;986965;100;100;100;100;100;100;100;100;100;100;100;100;100;100;100;0"
"P3170;990316;100;100;100;100;100;100;100;100;100;100;100;100;100;100;100;0"
"N3150;991354;100;100;100;100;100;100;100;100;100;100;100;100;100;100;100;0"
"P3111;1000411;100;100;100;100;100;100;100;100;100;100;100;100;100;100;100;0"
"N3152;1003873;100;100;100;100;100;100;100;100;100;100;100;100;100;100;100;0"
"N3148;1020520;100;100;100;100;100;100;100;100;100;100;100;100;100;100;100;0"
"R3135;1120219;100;100;100;100;100;100;100;100;100;100;100;100;100;100;100;0"
"T3150;1121023;100;100;100;100;100;100;100;100;100;100;100;100;100;100;100;0"
"R3135;1121227;100;100;100;100;100;100;100;100;100;100;100;100;100;100;100;0"
"P3110;1121827;100;100;100;100;100;100;100;100;100;100;100;100;100;100;100;0"
"K3120;1123936;100;100;100;100;100;100;100;100;100;100;100;100;100;100;100;0"
"Z3143;1127839;100;100;100;100;100;100;100;100;100;100;100;100;100;100;100;0"
"K3120;1238537;100;100;100;100;100;100;100;100;100;100;100;100;100;100;100;0"
"K3143;1122040;100;100;100;93;100;33;100;100;100;0;0;0;100;100;100;100"
"T3111;1047439;100;93;100;87;0;67;100;100;88;100;100;0;0;100;100;100"
"P3122;353185;100;100;96;93;67;100;100;100;100;100;100;100;0;0;0;100"
"R3136;1064380;100;70;100;100;0;100;100;100;100;100;100;0;0;100;100;100"
"R3145;1284465;100;100;100;67;0;33;100;100;75;100;100;0;100;100;100;100"
"U3177;972019;88;60;100;73;100;33;80;100;63;94;100;0;100;100;88;100"
"P3114;1012513;100;100;100;93;100;100;90;100;100;0;100;0;0;100;100;100"
"R3137;1266197;63;100;100;80;100;67;100;100;100;75;100;0;0;100;100;100"
"K3142;897964;100;100;96;80;100;17;100;100;100;94;0;100;100;0;100;100"
"K3121;979690;100;87;100;80;100;100;100;100;100;94;100;0;0;100;35;100"
"R3145;1290085;100;100;100;80;100;33;100;100;100;100;100;0;0;100;100;100"
"K3142;986560;100;80;87;93;100;17;90;100;100;88;100;0;100;100;94;100"
"P3114;1001461;100;100;96;80;100;100;100;100;100;100;100;0;0;100;100;100"
"K3142;1019620;100;90;100;67;100;33;100;100;100;100;100;0;100;100;100;100"
"P3101;1022128;88;100;100;73;100;33;100;100;100;100;100;0;100;100;100;100"
"P3121;975916;100;80;100;87;100;33;100;100;100;100;100;0;100;100;100;100"
"K3143;981697;100;80;100;87;100;67;90;100;88;88;100;100;0;100;100;100"
"W3105;888298;100;67;100;80;100;67;100;100;88;100;100;100;0;100;100;100"
"K3140;971158;100;80;100;93;100;33;100;100;100;100;100;0;100;100;100;100"
"R3180;1047355;88;80;100;93;100;67;100;100;100;100;100;100;0;100;100;100"
"K3121;1119916;88;100;100;7;100;33;100;100;100;100;100;100;100;100;100;100"
"P3121;1002100;100;93;100;80;100;100;80;90;100;88;100;0;100;100;100;100"
"P3112;969112;88;100;100;93;100;100;90;100;100;63;100;0;100;100;100;100"
"K3140;956869;100;50;96;100;100;100;100;100;100;94;100;0;100;100;100;100"
"T3130;1117072;100;100;100;47;100;100;100;100;100;94;100;0;100;100;100;100"
"K3141;1027819;100;100;100;60;100;0;100;100;100;100;100;100;100;100;94;100"
"P3114;1001884;100;100;100;100;100;67;90;100;100;100;100;0;100;100;100;100"
"P3122;1015609;100;60;100;100;100;100;100;100;100;100;100;0;100;100;100;100"
"B5108;1117249;100;100;100;93;100;67;100;100;100;100;100;0;100;100;100;100"
"K3142;983473;100;100;100;67;100;100;100;100;100;100;100;0;100;100;100;100"
"K3122;1168516;100;100;100;100;100;67;100;100;100;100;100;0;100;100;100;100"
"B3100;991831;100;93;100;80;100;100;100;100;100;100;100;100;0;100;100;100"
"U3147;952249;75;80;96;73;100;100;80;100;100;88;100;100;100;100;88;100"
"B3100;971935;100;93;100;87;100;100;100;100;100;100;100;100;100;0;100;100"
"K3141;973099;100;93;100;93;100;100;100;100;100;100;100;0;100;100;100;100"
"K3142;1120594;100;100;100;87;100;100;100;100;100;100;100;0;100;100;100;100"
"B3166;1122457;100;100;96;93;100;100;100;100;100;100;100;100;100;0;100;100"
"K3140;391494;100;100;100;100;100;100;90;100;100;100;100;0;100;100;100;100"
"K3142;960655;100;100;100;93;100;100;100;100;100;100;100;0;100;100;100;100"
"R3136;1013290;100;100;100;93;100;100;100;100;100;100;100;100;0;100;100;100"
"K3140;970201;75;93;100;93;100;33;100;100;100;100;100;100;100;100;100;100"
"K3140;1076890;88;60;87;67;100;100;100;100;100;100;100;100;100;100;100;100"
"K3141;1084963;100;93;100;87;100;100;100;100;88;100;100;100;100;100;35;100"
"P3111;957736;100;93;100;80;100;100;90;100;100;81;60;100;100;100;100;100"
"K3141;943465;100;93;96;73;100;67;100;100;100;88;100;100;100;100;88;100"
"K3122;1012009;100;100;96;87;100;100;90;100;100;75;60;100;100;100;100;100"
"K3140;1121125;100;100;100;80;100;33;100;100;100;100;100;100;100;100;100;100"
"K3140;1022236;75;80;96;87;100;100;90;100;100;94;100;100;100;100;100;100"
"P3122;972193;100;40;100;93;100;100;100;100;100;94;100;100;100;100;100;100"
"U3177;952564;100;93;96;80;100;100;90;100;88;81;100;100;100;100;100;100"
"U3177;971218;88;100;100;87;100;67;100;100;100;94;100;100;100;100;94;100"
"K3142;1000243;100;90;96;87;100;100;80;100;100;81;100;100;100;100;100;100"
"R3136;953161;75;100;100;73;100;100;100;100;88;100;100;100;100;100;100;100"
"K3141;973102;100;100;100;93;100;100;100;100;100;100;100;100;100;100;100;85"
"N3148;1018063;100;80;100;80;100;100;90;100;100;94;100;100;100;100;94;100"
"K3142;986617;100;70;100;80;100;100;90;100;100;100;100;100;100;100;100;100"
"P3121;920761;100;87;91;73;100;100;100;100;100;100;100;100;100;100;94;100"
"K3141;977725;100;100;100;87;100;67;100;100;100;100;100;100;100;100;100;100"
"P3121;915934;100;100;100;73;100;100;90;100;100;94;100;100;100;100;100;100"
"N3148;947233;100;100;100;93;100;100;70;100;100;100;100;100;100;100;94;100"
"K3140;1045522;100;70;100;87;100;100;100;100;100;100;100;100;100;100;100;100"
"U3147;986404;100;90;100;80;100;100;100;100;100;88;100;100;100;100;100;100"
"N3150;478912;100;100;96;80;100;100;90;100;100;94;100;100;100;100;100;100"
"U3147;921130;100;100;100;93;100;67;100;100;100;100;100;100;100;100;100;100"
"P3121;919150;100;100;100;80;100;100;100;100;100;81;100;100;100;100;100;100"
"B5108;1087543;100;100;100;73;100;100;100;100;100;88;100;100;100;100;100;100"
"R3140;971941;100;87;100;87;100;100;100;100;100;88;100;100;100;100;100;100"
"R3180;912832;100;80;100;93;100;100;90;100;100;100;100;100;100;100;100;100"
"K3122;1034365;100;90;100;87;100;100;100;100;88;100;100;100;100;100;100;100"
"M3132;1081879;100;100;100;80;100;100;100;100;88;100;100;100;100;100;100;100"
"K3142;7716;100;90;100;80;100;100;100;100;100;100;100;100;100;100;100;100"
"K3140;1021783;100;93;100;93;100;100;90;100;100;94;100;100;100;100;100;100"
"K3140;1019416;100;100;100;93;100;100;90;100;88;100;100;100;100;100;100;100"
"R3145;1123879;100;100;100;73;100;100;100;100;100;100;100;100;100;100;100;100"
"K3140;976612;100;100;100;80;100;100;100;100;100;100;100;100;100;100;94;100"
"P3122;978205;100;87;100;93;100;100;100;100;100;100;100;100;100;100;100;100"
"U3148;1120426;100;100;100;80;100;100;100;100;100;100;100;100;100;100;100;100"
"P3170;972655;100;93;100;100;100;100;100;100;100;88;100;100;100;100;100;100"
"P3112;1229557;100;100;100;87;100;100;100;100;100;94;100;100;100;100;100;100"
"K3140;970585;100;100;100;100;100;100;90;100;100;94;100;100;100;100;100;100"
"K3141;972532;100;100;100;87;100;100;100;100;100;100;100;100;100;100;100;100"
"K3121;1012879;100;100;100;87;100;100;100;100;100;100;100;100;100;100;100;100"
"N3151;552338;100;100;100;100;100;100;90;100;100;100;100;100;100;100;100;100"
"R3136;1119940;100;100;100;93;100;100;100;100;100;100;100;100;100;100;100;100"
"K3120;971326;100;100;100;100;100;100;100;100;100;100;100;100;100;100;100;100"
"P3122;973798;100;100;100;100;100;100;100;100;100;100;100;100;100;100;100;100"
"K3121;1001116;100;100;100;100;100;100;100;100;100;100;100;100;100;100;100;100"
"P3110;1117045;100;100;100;100;100;100;100;100;100;100;100;100;100;100;100;100"
